0,1,10,11,12,13,14,15,16,17,18,19,2,20,21,22,23,24,25,26,27,28,29,3,30,31,4,5,6,7,8,9
diagnostics_Image-original_Mean,-857.9329863223933,-926.8579825700097,-866.5578390882891,-910.1582839031609,-881.1788780420206,-947.1501806130188,-1020.2527602832622,-899.5600181918674,-861.8466943421515,-966.7103192432817,-793.5866659665437,-1023.7465162459918,-877.6823636879355,-1034.0711579303968,-1038.2306634834015,-983.9740980886409,-1020.2714182630348,-953.6256283142558,-974.8684155950286,-850.8201223580949,-1001.7269459477177,-1040.1109351234875,-869.4543753431436,-1015.3250833977594,-859.7338772769427,-881.6160811850552,-947.0080167683328,-1084.4999039088314,-1119.914362096975,-1078.4728544627717,-989.4958213183345
diagnostics_Image-original_Minimum,-3024.0,-3024.0,-3024.0,-3024.0,-3024.0,-3024.0,-3024.0,-3024.0,-3024.0,-3024.0,-3024.0,-3024.0,-3024.0,-3024.0,-3024.0,-3024.0,-3024.0,-3024.0,-3024.0,-3024.0,-3024.0,-3024.0,-3024.0,-3024.0,-3024.0,-3024.0,-3024.0,-3024.0,-3024.0,-3024.0,-3024.0
diagnostics_Image-original_Maximum,3071.0,3071.0,3071.0,3046.0,3071.0,2971.0,2524.0,3071.0,3071.0,3071.0,3071.0,3071.0,3071.0,3071.0,2903.0,3071.0,2627.0,3071.0,3071.0,2723.0,3071.0,2897.0,3071.0,3071.0,2597.0,3071.0,3071.0,3071.0,2148.0,3071.0,2791.0
diagnostics_Mask-original_VoxelNum,3763,848,9558,10982,7219,114371,15145,4411,32176,28550,18067,15069,145715,203656,32744,36626,8319,16413,14487,15336,248131,1113,115753,415,285780,39125,13355,1266,41713,46697,52649
diagnostics_Mask-original_VolumeNum,1,1,1,1,1,1,1,1,1,1,1,1,1,1,1,1,1,1,1,1,1,1,1,1,1,5,1,1,1,1,3
original_shape_Elongation,0.944847864006191,0.761730998324138,0.6364876140382388,0.8557938498024767,0.4995042716647168,0.6951219578828415,0.5468901543111538,0.7437223797366826,0.9501737254069073,0.8320657051844629,0.40149345865678576,0.7669960212626266,0.7996103974865266,0.9306081101241898,0.6730896676533764,0.8013953823109322,0.42540603326548965,0.7196837413119153,0.6691995019577566,0.5492463657136233,0.7870349545091446,0.7672369110169504,0.9724570421879722,0.7407465179235166,0.6834308997155658,0.9707385196415088,0.757268181610125,0.8418108117481783,0.8641103159950304,0.9050493874358512,0.9465430241540046
original_shape_Flatness,0.40548176011803166,0.3081141915760723,0.24278536160659583,0.4875734596124922,0.2739460533187236,0.39451035310454513,0.3363366445649696,0.4587110689407296,0.6348760672106774,0.28286198220038666,0.23658732819170797,0.5618583944432249,0.3501566924037353,0.3826604725899496,0.5259554824738192,0.4516155396364934,0.22177129459515973,0.4182393664648974,0.4826075330885753,0.3610821780081256,0.48807384631620143,0.4909878374622122,0.4673793706284655,0.1707303267809963,0.3568748199170832,0.5891337679476425,0.5756790568879246,0.5501427704694553,0.5920735080997854,0.6033793321091397,0.497457607625732
original_shape_LeastAxisLength,9.805778366431724,5.504601057902005,11.6287377931237,16.61945992137567,11.972899221253872,33.518836483721046,17.398198734083117,12.64697269739568,27.310157066046948,17.942061939303855,15.997782512757988,21.246524404819613,33.98550125337729,36.027836613508455,28.28264095532616,23.965642168301134,12.148905357551348,18.75469576097294,20.413869985494454,17.52453259785502,48.501932752697066,8.085891785215079,34.323874648717414,2.874998907394011,43.005751641936854,28.61204849171192,21.153230033972118,8.856836190395157,32.09036976117239,30.5180781650598,28.88242860000878
original_shape_MajorAxisLength,24.183031965673027,17.865457704965657,47.89719493865802,34.0860635330403,43.705317438262036,84.96313523827487,51.728525616310996,27.570672594843806,43.01651688656952,63.430446890502374,67.61893223543613,37.81473163869682,97.05798001482022,94.15092280021061,53.77383048143053,53.06646929729465,54.78123478392006,44.84201456092969,42.2991117748421,48.53336349782586,99.37416872215442,16.46861931857404,73.4390022447151,16.839415478199754,120.50654526965191,48.56630199858911,36.74483165728628,16.09915946516451,54.199975716130204,50.57859383148322,58.060080210370025
original_shape_Maximum2DDiameterColumn,29.154759474226502,21.095023109728988,37.48332962798263,34.52535300326414,53.150729063673246,91.78235124467012,35.4682957019364,30.4138126514911,53.9351462406472,73.33484846919642,70.03570517957252,40.19950248448356,90.44335243676011,104.92378186092989,57.42821606144492,60.207972893961475,52.3450093132096,48.507731342539614,38.47076812334269,61.032778078668514,103.0970416646375,18.24828759089466,91.48223871331527,18.027756377319946,134.23859355639868,76.6550715869472,35.35533905932738,18.439088914585774,63.071388124885914,64.38167441127949,81.8413098624405
original_shape_Maximum2DDiameterRow,28.071337695236398,15.524174696260024,55.326304774492215,37.36308338453881,28.231188426986208,82.29823813423954,55.00909015790027,30.066592756745816,64.28063471995279,69.3757882838098,37.36308338453881,43.289721643826724,117.06835610018618,111.80339887498948,47.095647357266465,61.5223536610881,34.785054261852174,53.9351462406472,50.00999900019995,33.24154027718932,118.00423721205946,16.76305461424021,83.00602387778854,14.142135623730951,110.00454536063498,61.814237842102365,49.47726750741192,17.26267650163207,74.02702209328699,66.09841147864296,81.02468759581859
original_shape_Maximum2DDiameterSlice,30.083217912982647,19.6468827043885,50.0,40.496913462633174,53.23532661682466,102.06860437960343,49.678969393496885,31.76476034853718,60.00833275470999,70.03570517957252,79.05694150420949,45.5411901469428,120.33702672078948,110.80162453682708,56.61271941887264,65.79513659838392,62.0966987850401,54.405882034941776,48.041648597857254,57.42821606144492,126.24183141890805,19.6468827043885,86.97700845625813,18.788294228055936,146.1642911247477,84.581321815162,45.09988913511872,18.788294228055936,73.00684899377592,65.45991139621256,79.1012010022604
original_shape_Maximum3DDiameter,30.083217912982647,21.18962010041709,55.47071299343465,42.07136793592526,53.376024580330075,113.7233485261492,59.715994507334464,32.341923257592455,64.41273166075166,77.56932383358772,80.05623023850174,45.9782557302906,123.13001258832064,116.081867662439,66.47555941848101,67.1863081289633,62.10475022089695,56.04462507680822,58.172158288995945,61.326992425847855,127.04329970525797,21.748563170931547,93.92017887546851,18.788294228055936,146.1642911247477,84.581321815162,50.15974481593781,19.519221295943137,78.8098978555359,68.7386354243376,81.93900170248598
original_shape_MeshVolume,3723.0416666666665,829.0833333333334,9437.125,10900.5,7157.625,113716.66666666667,14920.041666666666,4355.333333333333,31900.166666666668,28228.833333333332,17903.625,14963.666666666666,145302.54166666666,203003.875,32585.0,36295.041666666664,8229.916666666666,16250.666666666666,14393.75,15229.416666666666,247600.125,1096.0416666666667,115270.29166666667,398.5416666666667,284682.25,38793.458333333336,13301.041666666666,1243.4166666666667,41397.791666666664,46342.166666666664,52205.75
original_shape_MinorAxisLength,22.849286097959602,13.608672933121154,30.48597132563085,29.170643535552376,21.830992754874323,59.05974091469428,28.289821356592796,20.504926233178175,40.8731641041409,52.778299522111475,27.148558973884075,29.003748711994422,77.60856997888975,87.61761233355249,36.194609687195076,42.52722345039679,23.304267786812897,32.27206880717326,28.306544532979814,26.656773517039078,78.21094435962488,12.635332614696821,71.4162749041315,12.473738379343839,82.35789665525276,47.14518010657284,27.82569185268333,13.552446497833506,46.83475814298825,45.77612536455061,54.95636390494772
original_shape_Sphericity,0.6764482700545266,0.6077422015232691,0.4330564721481624,0.6542839679351298,0.5635480188605476,0.5417166131372462,0.5099112963015868,0.5748286650383886,0.6359998217998215,0.37279285760232217,0.4755832739263662,0.6389306616671289,0.4551106967174106,0.6076678511341429,0.5178348492661342,0.5829643480148544,0.5227816309283562,0.5585989764276066,0.5288180021571401,0.5779046133655661,0.5136367209613463,0.7036121438169373,0.5038125488870034,0.5676187015906923,0.5234489646535525,0.4058693623448287,0.5901858196083308,0.68966677838758,0.34990905581769255,0.5965864895749297,0.45454608180579215
original_shape_SurfaceArea,1717.3077578129594,702.2582549304226,4986.923765076123,3633.69768190884,3187.125447442965,20953.73194783414,5747.815889134619,2243.6751275833903,7648.138874777286,12026.663538208435,6959.075273120101,4596.095858282306,29368.553426300292,27488.692470654405,9527.332754778237,9093.693834399579,3770.7473138029504,5554.326991016644,5411.203459854074,5141.424652790107,37124.61564882451,730.6378628695844,22734.918684680983,461.3989306667081,39980.66735931031,13654.323467995697,4599.943068149389,810.8165556274936,16539.170533933007,10458.312155561622,14861.12768293789
original_shape_SurfaceVolumeRatio,0.46126471620998766,0.8470297576806786,0.5284367606740531,0.3333514684563864,0.4452769525426332,0.1842626288831963,0.38524127596613855,0.5151557770358313,0.23975231711779832,0.4260418202975127,0.3886964384654002,0.3071503770209378,0.20212002549600017,0.13540969338961834,0.29238400352242555,0.2505492049827627,0.4581756373154387,0.3417907157255073,0.37594118696337464,0.33759826560155665,0.14993779041438088,0.6666150431047339,0.19723137988081765,1.1577181741767897,0.1404396212244013,0.3519748961453947,0.3458332951228298,0.6520875723832131,0.3995181836535083,0.22567594283596917,0.284664575893228
original_shape_VoxelVolume,3763.0,848.0,9558.0,10982.0,7219.0,114371.0,15145.0,4411.0,32176.0,28550.0,18067.0,15069.0,145715.0,203656.0,32744.0,36626.0,8319.0,16413.0,14487.0,15336.0,248131.0,1113.0,115753.0,415.0,285780.0,39125.0,13355.0,1266.0,41713.0,46697.0,52649.0
original_firstorder_10Percentile,-558.0,-511.3,-689.0,-409.0,-464.19999999999993,-264.0,-516.5999999999999,-832.0,-304.0,-456.0,-144.0,-357.1999999999998,-278.0,-93.0,-787.0,-219.0,-504.0,-359.79999999999995,-650.0,-52.0,-87.0,-492.8,-173.0,-745.5999999999999,-151.0,-263.0,-437.0,-541.5,-492.0,-214.0,-474.0
original_firstorder_90Percentile,163.80000000000018,115.30000000000007,140.3000000000011,151.0,109.0,141.0,151.0,-239.0,197.0,145.0,186.0,161.20000000000073,158.0,127.0,99.0,142.0,152.0,127.0,183.0,150.0,132.0,146.80000000000007,169.0,193.0,186.0,294.0,154.0,143.0,129.0,129.0,162.0
original_firstorder_Energy,317020208.0,86245642.0,1487964727.0,650136745.0,479895042.0,4352908029.0,1197297380.0,1507906756.0,1599294169.0,2154640937.0,441923937.0,740213743.0,6477692791.0,4406451363.0,5872976840.0,1207052446.0,607027417.0,716644228.0,1773160131.0,285055883.0,6362642955.0,78032039.0,3921796638.0,61194967.0,7210023896.0,2637482520.0,849843127.0,114660725.0,3084607192.0,1482723823.0,3962105024.0
original_firstorder_Entropy,5.13810846222224,5.323262849159107,5.582824791441481,4.9348656444044705,5.002910209866875,4.613963435899654,5.05143459775396,5.200320490123628,4.973495817372605,4.858602292579776,4.511969826614816,4.901002408043878,4.682620151301845,4.024206188744178,5.459769092704835,4.483989763941039,4.99941861717606,4.659346729368502,5.323347994005509,3.941577116622491,4.031309717422715,4.886012732132521,4.554699097844944,5.357911400000529,4.547226938786185,5.287212448618844,5.0079212790728835,5.245957560382396,4.885234582562419,4.516555158868701,4.984508562320038
original_firstorder_InterquartileRange,289.0,353.0,481.0,252.0,329.0,159.0,277.0,313.0,220.0,183.0,162.0,216.0,164.0,99.0,465.0,143.0,281.0,187.0,404.0,96.0,103.0,243.0,152.0,467.5,168.0,249.0,243.0,389.75,239.0,158.0,218.0
original_firstorder_Kurtosis,3.6497993061387466,3.2594896638387447,2.492705673687436,4.95740166081248,2.8323232148858697,7.700394073087129,4.23525675872098,2.999465158766562,5.911332915837962,6.268270438783411,7.532123874171324,5.173434135456021,7.810521876028276,14.246907850676054,2.6987865049275173,8.593328963718195,3.939166054919397,5.350734863472731,3.3908261875822747,15.515068827664852,18.73163469079092,4.2215389117138065,9.384204789159606,2.7804447850620533,8.67306752174273,5.481920483364771,4.705789410256236,2.6159575466168943,4.919701034318634,8.734963343617075,5.368946044585151
original_firstorder_Maximum,444.0,485.0,495.0,384.0,430.0,1528.0,709.0,281.0,605.0,592.0,1251.0,557.0,703.0,499.0,460.0,483.0,479.0,425.0,599.0,495.0,2659.0,347.0,672.0,488.0,900.0,1422.0,618.0,382.0,518.0,507.0,719.0
original_firstorder_MeanAbsoluteDeviation,213.36248105513428,204.98642199181205,262.4249877653599,178.46088034123883,186.50088171190822,130.7597438272729,206.03133449833084,183.20327836043535,159.29207335204916,183.33641191383904,110.39249326647833,160.51001937639384,140.88215435797912,87.56733664235095,269.75605442309455,120.89607027778061,201.48416473593866,149.9725169371751,263.41901773065615,78.07144169864723,90.31272129949653,193.25102743126442,121.17248678600916,293.5953433009145,112.33243850236093,182.04584228627422,180.42563358316605,219.45081846519372,194.4269351521695,119.73067892404404,192.74449292470044
original_firstorder_Mean,-95.1198511825671,-187.86084905660377,-235.73205691567273,-67.27381169185941,-126.85856766865217,-33.831976637434316,-86.99953780125453,-537.8199954658808,-26.38547364495276,-73.106234676007,21.428626778103727,-46.161988187670055,-25.73035720413135,9.03185273205798,-264.8637918397264,-16.654616938786653,-81.72388508234162,-53.636995064887586,-123.32567129150273,35.81370631194575,8.981429164433303,-79.95058400718779,0.883156376076646,-146.82168674698795,16.0736370634754,26.5271821086262,-75.1045301385249,-144.1429699842022,-87.62357058950447,-31.053493800458273,-69.62871089669319
original_firstorder_Median,-7.0,-169.0,-192.0,6.0,-61.0,7.0,6.0,-547.0,14.0,3.0,38.0,9.0,21.0,33.0,-203.0,23.0,12.0,9.0,2.0,48.0,34.0,7.0,32.0,2.0,30.0,35.0,-8.0,-90.0,5.0,4.0,11.0
original_firstorder_Minimum,-1024.0,-1024.0,-1024.0,-1024.0,-1024.0,-1024.0,-1024.0,-1024.0,-1024.0,-1024.0,-1024.0,-1024.0,-1024.0,-1024.0,-1024.0,-1024.0,-1024.0,-1024.0,-1024.0,-1024.0,-1024.0,-953.0,-1024.0,-1024.0,-1024.0,-1024.0,-1024.0,-918.0,-1024.0,-1024.0,-1024.0
original_firstorder_Range,1468.0,1509.0,1519.0,1408.0,1454.0,2552.0,1733.0,1305.0,1629.0,1616.0,2275.0,1581.0,1727.0,1523.0,1484.0,1507.0,1503.0,1449.0,1623.0,1519.0,3683.0,1300.0,1696.0,1512.0,1924.0,2446.0,1642.0,1300.0,1542.0,1531.0,1743.0
original_firstorder_RobustMeanAbsoluteDeviation,137.03688104987802,143.15776925018056,194.34169214255704,113.1372329397158,137.08455048016054,70.6767253291827,128.17892638273025,128.8003158680352,95.25121014505186,93.28814859213718,68.35654453377285,97.51364914128371,73.86223194924574,42.473123588070486,194.08372077409643,64.02019257075601,129.46900864228493,89.22184765094136,178.29217896502,40.72194524992625,44.02931231351945,117.65737213107079,65.39597627981412,207.84428073740744,70.53913969785957,106.8126688351912,110.35960153845811,161.75044835809513,115.94937978980832,67.6837363253274,109.01232256796291
original_firstorder_RootMeanSquared,290.25276401955915,318.9118475526332,394.5597729333822,243.31094001551375,257.83068986253556,195.0885525076953,281.1683143546383,584.680641272135,222.94521223638066,274.71628013448384,156.39783637747922,221.6339852076642,210.8424448104424,147.09431415906303,423.5096185676321,181.53832527877594,270.12737064162155,208.95743035655002,349.8523124195131,136.33549970347008,160.13205005981703,264.78226658372483,184.06720051367768,384.00228099222136,158.83727805963144,259.63762015916905,252.25944566975954,300.9473260372538,271.9344444009228,178.19094965948366,274.3266046567969
original_firstorder_Skewness,-1.1658195227626826,-0.45972926056913593,-0.46865295160002746,-1.3993594886929162,-0.7742829095840957,-1.8515704328487481,-1.3030344990325675,0.3757406337425053,-1.4055591625495696,-1.8436767085313321,-1.3193749031262807,-1.3611399348937705,-1.9504891436938412,-2.7808128953888063,-0.7251920349805399,-2.046078545472878,-1.2547417951101834,-1.5345889529686236,-1.10074915194656,-2.616471857325693,-3.2827515579271145,-1.3744431699511972,-2.037842713738251,-0.9445293018297161,-1.4564625189074882,-0.14714099866041855,-1.355718755675992,-0.6652107248447325,-1.534006002982858,-1.9727348395406703,-1.589260517618435
original_firstorder_TotalEnergy,317020208.0,86245642.0,1487964727.0,650136745.0,479895042.0,4352908029.0,1197297380.0,1507906756.0,1599294169.0,2154640937.0,441923937.0,740213743.0,6477692791.0,4406451363.0,5872976840.0,1207052446.0,607027417.0,716644228.0,1773160131.0,285055883.0,6362642955.0,78032039.0,3921796638.0,61194967.0,7210023896.0,2637482520.0,849843127.0,114660725.0,3084607192.0,1482723823.0,3962105024.0
original_firstorder_Uniformity,0.03834933043525116,0.02941438234247063,0.02300970526481619,0.04410248176508166,0.03795913728376931,0.05634559727251144,0.04345357483579279,0.03105912800899998,0.04156898758098484,0.049637619808551685,0.05607441295650968,0.044870222278908405,0.0543621933364753,0.08814922748821227,0.02574915540222922,0.06248652796372431,0.044294997348558886,0.05597385592004032,0.0334655593826765,0.09128322481304878,0.08555702477098041,0.04790804419548763,0.05835172370652252,0.03280011612715924,0.054414583812914565,0.0347227754085476,0.04152220257207459,0.030848114123422407,0.04975367369908654,0.05888094351867606,0.0447422552720037
original_firstorder_Variance,75198.88093200016,66413.06790116591,100107.81175954813,54674.44779168116,50383.56844404899,36914.940676351885,71486.7014193968,52601.104755474924,49008.37443965632,70124.5130224248,24001.097177961496,46990.69424559253,43792.48525179224,21555.162894151545,109207.56879158334,32678.787279644937,66290.0029768042,40786.28046162167,107187.41930578079,17304.746919596582,25561.60738652401,63717.552814124334,33879.954339757816,125901.14410799823,24970.91909294435,66708.00241129269,57994.137482285776,69792.09725310652,66270.45192878468,30787.695063333544,70406.92864139125
original_glcm_Autocorrelation,1599.3407560604257,1293.8037214418694,1160.0556043216072,1614.051225734003,1444.0544834860343,1678.5955939781238,1590.2138743555017,475.54181214850763,1726.86712773704,1597.2895655064967,1839.4513565360066,1668.7815489106883,1724.110483850023,1803.6128961475658,1130.4986871792194,1742.9804016022465,1621.7269376054974,1650.6976251050617,1520.1934140490969,1880.2822500705433,1794.2016833890652,1446.1841901117014,1785.2380202997936,1474.9202914529535,1811.9222569061662,1913.7503839783321,1586.6611331213567,1164.4264578166049,1568.4502754113128,1683.691334890998,1607.3528617887625
original_glcm_ClusterProminence,371087.99821724684,221163.54386138587,538095.7058434187,340221.088656827,155346.1856030446,180172.28045480666,333891.0057950379,183275.4942216608,178928.77556666225,435944.45543527626,48231.16253632143,182391.9158424656,253399.85285358617,74205.14982773385,1081134.6260213756,117531.26585179829,287789.90147343546,134034.89711565233,785904.5646744391,51348.10437089256,198975.55533239903,278475.5178662146,159260.91724590256,642882.1094407515,68043.95671150257,430657.00193064724,284380.2086548126,211453.00850262566,371843.75177653035,110474.16777934803,570446.5837958361
original_glcm_ClusterShade,-6620.704270791524,-1549.53667979695,-4888.715420535358,-5840.283397031177,-2866.0109029309483,-3449.323195780519,-5925.518589236061,1185.9591743120918,-3138.3430099849,-7337.571815267442,-945.068726290917,-3510.559482421985,-4456.968144870081,-1495.3757326620835,-12729.235564651435,-2445.7746225003993,-5443.102377163086,-2994.9192626530657,-11606.12807456303,-947.0318998007014,-3178.9986646721595,-5564.632765964218,-2838.895133147207,-9729.76279890086,-1097.2198859387404,402.5016177780722,-5282.289527997224,-3420.865252476332,-6701.492358811364,-2159.1603564425463,-9181.95939902588
original_glcm_ClusterTendency,274.1497596194037,259.7223809112181,445.11717051725077,235.80036402416525,221.11887079137404,135.84907743302924,253.85760799071113,242.87479996740896,154.63550809028106,235.49189634690464,76.43680442208361,170.99471714250592,159.43700612694968,63.70710429702176,579.3807264382839,106.61821265090977,239.73097539610313,145.42360059830068,435.46363764275156,53.299705024606254,89.38788083934097,231.66851361348097,118.11328940939497,420.8429814384406,78.76424464080047,263.7637956485888,231.18633556278024,262.65234704549397,248.58197109903188,105.58678617537045,291.64381059053443
original_glcm_Contrast,101.90089535050501,134.21405616600848,157.84369569801737,79.84660303566572,64.87966622923837,58.926880932776264,108.3473628872131,72.2447370315744,94.30106545344708,127.55194141209368,50.83855346064721,77.38085127604269,63.24707691942819,34.18817421419134,97.26475056432008,52.9126987852499,92.27280717391757,62.92825052885179,150.96974435552045,28.94087012833253,41.09228536921778,100.02643793742011,54.669156407137706,234.81365531489038,55.3803595400385,119.6433197409514,82.46238483663362,123.09433018940513,98.08297042425367,48.257123666872495,105.08336357196866
original_glcm_Correlation,0.45515649766699373,0.32061517212340906,0.475023019980225,0.49354941202146363,0.5454977014668645,0.39273715777875,0.39988752422190427,0.5408863969653631,0.24140898959945428,0.2965511734412246,0.19891727857028665,0.37502042474578745,0.42825614135013246,0.2966506024893799,0.7125295206599579,0.33473913806503186,0.4401521004595275,0.39323808161927204,0.4835848456944948,0.2905078504170127,0.36743973059585333,0.39439105953922915,0.3637829940196928,0.28079910669330543,0.17262986232337288,0.37528315883720964,0.4728894428716446,0.3618844456789423,0.433281256699947,0.37071947590808907,0.46903919046259074
original_glcm_DifferenceAverage,7.168488779370789,8.866676425210592,9.619244995608073,6.296357216193636,5.918286005932677,5.4771053305452755,6.932215192350954,6.558103928434575,7.1662850734307675,7.329983122518183,5.366959066375393,6.339236518179023,5.478583232527513,3.700985117439104,7.02623451529916,4.941942633874318,6.563222260951867,5.411650298030493,8.4237039681085,3.415797331108045,4.020283569766568,6.819713302590056,5.1370026888720055,10.72425684026651,5.625095923487665,8.1586677541871,6.545996592455702,8.339832995911157,6.5469869003738195,4.732232787750473,6.95415450184169
original_glcm_DifferenceEntropy,4.307495139599725,4.523411079998306,4.6926502732270725,4.144646982041967,4.039058228896289,3.9432565467389122,4.268064153222844,4.141636798621734,4.304534712262808,4.322195421779573,3.895928562628737,4.147515860149301,3.9346564447872696,3.3821534162940905,4.311155250402724,3.8025174663007664,4.187712009612969,3.935828213374703,4.539807919677819,3.2658177000090776,3.48057772200586,4.206787780988153,3.846562426168542,4.704313703295652,3.9578049133339857,4.489371811355169,4.18932767220901,4.489107147130162,4.191538709835015,3.7380477314852816,4.283351541815302
original_glcm_DifferenceVariance,49.73507753764272,53.753227434078,63.291523842572865,39.508423692056006,28.8492356088523,28.636090458218,59.46935863782974,28.39232995099456,42.396544037991276,73.34093573786328,21.870390793962233,36.63994121701897,32.65837081466699,20.340081824157235,46.92932313344217,28.382390560076143,48.20999655856921,33.285012684634786,78.3261107189766,17.167410509977522,24.77444213695335,52.83365850364838,27.9892544629843,117.41366535093863,23.449046561563016,52.49282625874004,38.93846393864864,52.493192224795386,54.783418099169744,25.736330921878398,56.25036047175445
original_glcm_Id,0.24823736399898572,0.20034995579150972,0.19134002209263895,0.27050147755656995,0.27254612504373943,0.2792855270396862,0.27401556146824857,0.2369715927702264,0.2320488853471955,0.26501564445268283,0.27045524395950343,0.2596248037651579,0.28769436764505296,0.3629932446876221,0.2581637321729437,0.3044962190186172,0.2773539279965601,0.30023445519072645,0.2445703499188263,0.3740409130632785,0.3457002256084469,0.2682483788862827,0.2911167639085019,0.2107745446263302,0.262719857046433,0.2136272469171253,0.25423905797778745,0.2211147101026863,0.2817106837314379,0.30864338441917377,0.25961098799544124
original_glcm_Idm,0.16132550783395308,0.11634032460349811,0.10947050081519359,0.1835295602525679,0.1850373754341023,0.188397305849456,0.1902271442729924,0.14623006956231863,0.14310058547541035,0.1794425389144392,0.17753134732974735,0.1709545336689306,0.1981634635841922,0.27764712877312225,0.17311465899877468,0.21447226450154533,0.19304545288115887,0.21352135642307696,0.1628801257760925,0.2891270833695253,0.2578271946233201,0.18284433192659427,0.19973803214756838,0.13268729706770352,0.17029520211947233,0.12738491203294994,0.1655551819697106,0.13810054838568753,0.19703252357610637,0.21805224823772973,0.17247225801925878
original_glcm_Idmn,0.9741826572426446,0.9678454344563275,0.9628626286964779,0.9780591292085035,0.9826640933372486,0.9946295299881341,0.9803619413251226,0.976407101990595,0.9803427865216761,0.9744754815816674,0.9941650102895354,0.9827028508077463,0.9881090982797119,0.9916860218361556,0.9760243491157747,0.9871023115639862,0.9779608175708906,0.9836073364722349,0.9694560769092726,0.9929126127593373,0.9981724032661533,0.9697412447423932,0.9891058375898603,0.9492545775716541,0.9912669344207136,0.9882031768199676,0.9826749280624575,0.9617830059665665,0.9778131638762717,0.9885564643417468,0.9809999221997104
original_glcm_Idn,0.9005854585899122,0.882087991049642,0.8739639255531837,0.908372073587397,0.9146696888399346,0.951633432967558,0.9178036116051598,0.8965690399924278,0.9084135221141041,0.909086137124344,0.9469137021083268,0.9159039256678535,0.9320881019025541,0.9466011227795519,0.903473380680402,0.9301922967104853,0.9112630327428148,0.9224008551901862,0.8964847441726764,0.9502274700621552,0.9744949554036219,0.8971865826694349,0.9339839421656501,0.8675249125794731,0.935639471520277,0.9270953746771877,0.9157940004299803,0.8751268964064983,0.9134150714339383,0.9336575375615003,0.9170068687940129
original_glcm_Imc1,-0.10040615176189019,-0.2276599002671541,-0.06635293631482875,-0.06589754263432863,-0.08450912980372315,-0.03534264315597601,-0.06284836797270685,-0.096566024650857,-0.029359942389001324,-0.03281189185605087,-0.025003743089459848,-0.04831943883817523,-0.04066444584769492,-0.033190546658602424,-0.10604484603149975,-0.03295559964890326,-0.07534986533957366,-0.05027575118708186,-0.07123868272595353,-0.05624198400525352,-0.03082234360647012,-0.18982922888729178,-0.031025052454786935,-0.38754965292945354,-0.013735279171826598,-0.04181714546834333,-0.06228179795551032,-0.1618403880175124,-0.04841425188449977,-0.038805378696682886,-0.046559843841271646
original_glcm_Imc2,0.7860485131329616,0.9526058162163294,0.706338276148686,0.6694508682985345,0.7271524410942192,0.4980080631724423,0.6632269276024974,0.7845913560532225,0.4795218388326435,0.5012658884213471,0.43735297271047585,0.5881618199333478,0.5113897519037518,0.4466363054256482,0.8151163880324233,0.4891007102256435,0.6973654666567755,0.5850021330132151,0.7080980754740792,0.5814743038823756,0.43869137979269757,0.912297146580934,0.4631540110955271,0.990188059796844,0.3047549626543242,0.5831818575367588,0.6605631334048461,0.8983053471921477,0.593134736104455,0.5250614407229892,0.5920610551349372
original_glcm_InverseVariance,0.1653933220743538,0.12301316880458654,0.11219603173772677,0.18895104945800922,0.19067538500547848,0.19528440124262164,0.19546092258290385,0.15223826389715517,0.1486949890609191,0.18401799318163312,0.18378298105968097,0.1782112905325888,0.2041640580053508,0.28357349323011954,0.16243169838558252,0.22069547457612754,0.19795182972105005,0.21982402294994907,0.163597284179901,0.29438899018877707,0.26411133019916244,0.19084310272558708,0.20703963637532194,0.1442337379357896,0.17687800161907374,0.1325932698911675,0.17110850508795603,0.14157138326847546,0.20195912072192776,0.22528159499950712,0.17480782378088777
original_glcm_JointAverage,39.448816599751815,35.53005133981213,32.987294119147336,39.68688278773995,37.4828987198662,40.73520084319021,39.418484977076915,20.805418963569668,41.37355980567129,39.626986087732455,42.81405834370912,40.5631363513497,41.231608589963486,42.3819457221542,31.77974475240776,41.587803147306595,39.809467081641806,40.37393710680112,38.06630018870391,43.29192375530923,42.21523501977372,37.59312869182371,42.063911752239115,37.79318653860059,42.4979226247165,43.33251573832195,39.36334664221425,33.608234552938086,39.1256863229679,40.857742566246195,39.50573161296224
original_glcm_JointEnergy,0.002708357445431357,0.0019078926676842868,0.0007827025277606593,0.003236677055297811,0.00268128325809873,0.004181042084541367,0.003692979895556018,0.0014676085572351808,0.0023288242007803816,0.0036819480268013194,0.003709445618598183,0.003065121345865288,0.004129965763228023,0.010072294816774229,0.0015914713258473425,0.0054203321773186874,0.0038255023368519644,0.005271704088714792,0.0022834178350909155,0.01059606566250526,0.008898309095740258,0.004582130061516924,0.004342045975913312,0.003958122759352161,0.0033654262527016135,0.0015732320315692606,0.0026593818243951708,0.002161168575451076,0.004340070677537516,0.00465750665998307,0.0030794026620616197
original_glcm_JointEntropy,9.391237288584295,9.301789728019816,10.710226460639891,9.315574917668632,9.374951434489198,8.854289199999393,9.413656625249235,9.824651952202656,9.527201406950592,9.240909693114368,8.722609671386659,9.297045732930123,8.916635940363735,7.620974188388747,10.236271607350496,8.504126934520036,9.219895630445373,8.72603930652783,10.012616602146398,7.436541441764667,7.7437470590436766,8.54842518196388,8.743868911026125,8.3189174181821,8.877370830900874,10.207017748081395,9.488097261223363,9.383015781260744,9.216569789242014,8.606268827573746,9.523030846880532
original_glcm_MCC,0.5225340820535226,0.6031593224558282,0.48818816246529056,0.5203525907979368,0.5979091737920453,0.5717026642533729,0.4945416837400555,0.5798165849069826,0.3737434867451901,0.37255012898543083,0.3674079066854238,0.4451092104798484,0.5022817381831008,0.4494115156498576,0.7666339155969002,0.4261802638739489,0.4947873969121816,0.46282030651451433,0.5521014560123889,0.5207011724692131,0.5428833015576914,0.5766064962160949,0.46033687634184417,0.741439691123002,0.393500896982709,0.43681485854733926,0.5346825214625712,0.4741343480867307,0.5083261833112096,0.42862851768183635,0.538707489072003
original_glcm_MaximumProbability,0.008848108018483415,0.0066310141442359576,0.0030722601310344483,0.010773645236810256,0.010184085201029756,0.010348190528705864,0.012917708006930142,0.004103243773483803,0.0058385774650170355,0.010707731301732672,0.008601503705567672,0.009073523815356596,0.010249425426093545,0.023670291363881317,0.01989518027062659,0.013312550268052815,0.013222344190839666,0.015294239401220731,0.009043756123623212,0.02464222835959038,0.020120134500163957,0.015925903814569962,0.010187723699108477,0.015901138466692517,0.007352201932454931,0.00439785217637908,0.007728574317230166,0.009799195250146856,0.013087537443619037,0.011523788467262154,0.009078030555633224
original_glcm_SumAverage,78.89763319950362,71.06010267962425,65.97458823829467,79.37376557547992,74.96579743973243,81.4704016863804,78.83696995415374,41.61083792713938,82.74711961134264,79.25397217546494,85.62811668741818,81.12627270269935,82.46321717992693,84.76389144430831,63.559489504815446,83.17560629461317,79.61893416328368,80.74787421360223,76.13260037740783,86.58384751061857,84.43047003954754,75.18625738364742,84.12782350447819,75.58637307720115,84.99584524943303,86.66503147664405,78.7266932844284,67.21646910587617,78.25137264593579,81.71548513249238,79.01146322592452
original_glcm_SumEntropy,5.687328443332002,5.911174607901591,6.347622096055582,5.609020597970204,5.716098046889932,5.131338512344584,5.6201427165617,5.969009532034578,5.419822492763426,5.449249594492327,5.003409930025494,5.438659382815914,5.249759581780477,4.525464669520414,6.307330454407216,4.989409377767789,5.569468307464971,5.194820367844084,6.002031263425717,4.4819585302916165,4.553926709458054,5.3834732419173985,5.1153264753594145,5.759944788092877,5.032940330815668,5.899491110416392,5.60716109561588,5.815756572690973,5.476824044957531,5.108935628483296,5.60791862345169
original_glcm_SumSquares,94.0126637424772,98.48410926930661,150.7402165538172,78.9117417649577,71.49963425515313,48.69398959145138,90.55124271948102,78.77988424974583,62.234143385932015,90.76095943974953,31.81883947068273,62.09389210463715,55.671020761594484,24.473819627803287,169.161369250651,39.88272785903989,83.00094564250519,52.087962781788114,146.6083454995681,20.560143788234704,32.62004155213967,82.92373788772527,43.195611454133186,163.91415918833277,33.536151045209756,95.85177884738505,78.41218009985346,96.4366693087247,86.66623538082149,38.46097746056073,99.1817935406258
original_gldm_DependenceEntropy,7.064341914420189,6.701639437439038,7.2905443703591,7.05521580409294,7.148670210021755,6.80957824427184,7.179962491690166,7.1182421010134975,6.892476357463153,6.922802846462179,6.622480372562714,6.972771511099705,6.966059451520761,6.623378586106798,7.664316193970114,6.789606730659743,7.107602676859943,6.901130711775346,7.352051291924993,6.574455035398591,6.547629170259396,6.697530959240571,6.839191518898298,6.422726525359865,6.6745408346693225,7.119849790862617,7.0632813748414565,6.857844136971147,7.048024511052817,6.915080913710376,7.092706193279798
original_gldm_DependenceNonUniformity,942.0401275577997,313.8820754716981,3319.3239171374767,2389.465853214351,1616.329269981992,23646.755847199027,3277.821921426213,1248.3448197687599,8540.360703630035,6488.20588441331,4182.85465212819,3537.749883867543,28688.769701128916,28654.23534784146,7625.571707793794,6760.542838420794,1801.0665945426133,3113.132699689271,3545.911852005246,2196.494001043297,38022.63039684683,279.6163522012579,22911.315533938647,178.93734939759037,64662.706928406464,11755.719846645368,3197.535529764133,396.1658767772512,8662.978328099154,8545.01113561899,11950.753765503618
original_gldm_DependenceNonUniformityNormalized,0.25034284548440067,0.3701439569241723,0.3472822679574677,0.21758020881573034,0.22389933092976755,0.20675482287641997,0.21642931141803984,0.283007213731299,0.2654264266419081,0.22725764919135938,0.23151904865933412,0.2347700500277087,0.19688274852368606,0.14069919544644624,0.23288455007921433,0.18458316055318064,0.21650037198492766,0.18967481262957842,0.24476508952890497,0.14322470012019412,0.15323611478149377,0.2512276300101149,0.19793280117092987,0.4311743358978081,0.22626743273989247,0.30046568298135123,0.23942609732415823,0.31292723284143065,0.20768053911488393,0.18298843899220488,0.22698918812329993
original_gldm_DependenceVariance,1.9770604432757832,0.9737840423638305,1.1595325261907992,2.712718326749214,2.630698134804991,2.4458962178457635,3.260759226236182,1.3035952605245198,1.589320703899562,2.5445778708812696,1.9705327937645944,2.312611043549662,2.7513835420925474,4.518121974598637,6.76753152217897,3.0818101642268902,3.142117662718859,3.40178739200617,3.0794128143173936,4.48935993372861,3.888055674810583,2.44765246789353,2.520919130581421,1.3735288140513862,1.954765340601237,1.3252796253508763,2.0265183976823886,1.9254933377257673,3.2249931251717197,3.040728882642571,3.0610816300497428
original_gldm_GrayLevelNonUniformity,144.30853042785012,24.943396226415093,219.9267629211132,484.33345474412675,274.0270120515307,6444.302305654405,658.1043908880819,137.00181364769892,1337.5237444057682,1417.1540455341506,1013.0964188852604,676.1493795208706,7921.387002024499,17952.119073339356,843.1303444905936,2288.6315731993664,368.4900829426614,918.6988972156217,484.8155587768344,1399.919535732916,21229.350113448138,53.32165318957772,6754.3870742011,13.612048192771084,15550.599762054728,1358.528587859425,554.5290153500562,39.05371248025276,2075.374991009997,2749.563419491616,2355.634997815723
original_gldm_GrayLevelVariance,120.36617020601943,106.19669894757922,159.94859533371243,87.44518799342552,80.75227062475639,59.12101437156043,114.2582259463679,84.18594668704262,78.4570304338075,111.84952513456898,38.4845248917557,75.19553093793634,70.05047211276162,34.56090097565739,173.86607484340982,52.34101473486118,106.1660577939458,65.38829409123214,170.9257489221979,27.742959545002588,40.86456620131508,102.10092115640606,54.224917108353836,200.75334010741764,40.01655841549193,106.78881317967928,92.81768903517559,111.7090168434871,105.89121504237512,49.35846163571945,112.37985014834503
original_gldm_HighGrayLevelEmphasis,1543.1974488440073,1263.239386792453,1190.1450094161958,1595.4965397923875,1408.9655076880454,1672.5588042423342,1561.2958071970947,484.72115166628885,1716.130221282944,1602.18,1834.1902363425029,1649.245470834163,1709.622646947809,1788.6568232706131,1131.0507268507208,1721.1837492491672,1569.1848779901431,1615.7267409979895,1510.2169531303928,1872.5227569118415,1794.836679012296,1422.0161725067385,1781.1542940571735,1471.5469879518073,1817.7740359717266,1919.6874121405751,1576.483489329839,1119.9470774091628,1551.1668784311846,1671.8210591686832,1613.0596402590743
original_gldm_LargeDependenceEmphasis,7.397555142173798,4.09433962264151,4.574178698472484,9.483518484793299,9.194486771020918,9.704829021342823,10.338923737206999,5.82656993878939,6.498321730482347,8.887565674255692,8.04289588752975,8.347003782600039,10.645472326116048,18.558019405271633,14.273698998289763,11.73111996942063,10.163120567375886,11.776945104490343,9.102850831780216,18.13249869587898,16.086272976774364,8.112309074573226,10.35417656561817,4.325301204819277,8.307712226187977,5.439463258785943,7.795507300636466,6.162717219589258,10.622563709155418,11.919844957920208,9.547322836141237
original_gldm_LargeDependenceHighGrayLevelEmphasis,13075.408450704226,5741.359669811321,5726.20652856246,17283.03469313422,15526.00692616706,17127.150982329436,18667.331462528888,2607.015416005441,11813.26964196917,15435.147775831874,15132.35694913378,15072.723073860243,19260.06074872182,34361.04560631653,9824.921970437332,21558.05695407634,18698.53816564491,21356.45567537927,14665.137778698143,34358.32948617632,29524.747758240606,13310.9739442947,19203.832064827693,7806.510843373494,15329.267562460635,10415.488460063898,13679.206664170722,8950.504739336493,18602.281830604366,21082.98965672313,15252.286938023513
original_gldm_LargeDependenceLowGrayLevelEmphasis,0.016012863964799395,0.015287894110830943,0.3359949427506004,0.1176484524600582,0.0076283466981009376,0.06025935358506102,0.07069346850507227,0.21190007937362781,0.026669415294570915,0.2585219794353956,0.004603476406191715,0.012925466286706865,0.16111024700191168,0.01866236005182806,7.234656286344805,0.009500759491805363,0.011107529640636377,0.009612943952669538,1.137158854977749,0.009943057973130236,0.15421006004767793,0.008079543530632591,0.020219184403176476,0.021111527259669208,0.029550510971448077,0.008050899788745043,0.010903561968161947,0.009217720281331044,0.31316137117312326,0.012011926344368557,1.1216725842721387
original_gldm_LowGrayLevelEmphasis,0.0035458352111963063,0.005376944697837778,0.01897902098614561,0.005305607534136565,0.0013502842258852402,0.002664018685658119,0.006837910325558509,0.01583229764900226,0.003098876428366228,0.0174190105363815,0.0007612024035020312,0.0023049134256329673,0.004597365890762575,0.0014132908387720754,0.04786605834122061,0.0016956204870873508,0.0030895062819458756,0.0015915586734689395,0.025900359554364715,0.0007808617367945965,0.004812285800452347,0.0031217672956758563,0.002545570454720655,0.01842160520653014,0.001424333815627436,0.0020223852190329964,0.0031075095841209674,0.004319836062564311,0.009051596837118136,0.0018072664596440922,0.012806508812087173
original_gldm_SmallDependenceEmphasis,0.45476010044326387,0.5977882599580713,0.5760603968130075,0.41404336365673183,0.4084672647930616,0.3674924094233453,0.4273551197059653,0.4634467287968951,0.4631380318302247,0.43581070911637015,0.40471874999995316,0.4276606702551763,0.3508188838588206,0.24312656413811706,0.4320005836993583,0.3438336556205039,0.4243219702698278,0.3696195341841049,0.46714647883682836,0.24596923623263123,0.25948677408556403,0.4670985459922214,0.34363014475544873,0.6802268256700269,0.38347675066514375,0.5138824359915544,0.4308837592450628,0.5510019818880686,0.4076285462067496,0.32608539881221604,0.4237315643841421
original_gldm_SmallDependenceHighGrayLevelEmphasis,601.755262174985,692.4386514019916,650.587234852096,562.1426000422815,488.2104655929396,568.5673321863911,557.1038061679417,237.0770898344938,744.5019486484674,614.9024933995543,718.2757475830374,639.0949764321172,538.0000062834472,388.7260114945855,446.75056080261965,528.3019118158112,548.406521922799,507.7502019069246,599.7963108867666,434.5248269589662,431.1103317125134,569.4967703526454,569.5848761592925,875.3664479277655,678.9795973030251,984.4130216899905,606.2228218462601,513.5233681014533,532.6980321698322,495.9090374375919,612.211701214351
original_gldm_SmallDependenceLowGrayLevelEmphasis,0.001933117419355436,0.0031928297374959457,0.005881340744109288,0.0011175075160511489,0.0006636844968446055,0.0009403327288429895,0.003057893998565597,0.007062586833238133,0.0016858450704779013,0.006490411614939879,0.0004268170954971324,0.0012543381508987846,0.001438235682935165,0.0006218865897251116,0.0036363779063425436,0.0010334676643102988,0.0020493996094259844,0.0009224786854158089,0.006294089209287401,0.00036814530282063397,0.0012575610476960814,0.0026259609493551436,0.0010979659957620837,0.018054940228336643,0.0006062234331942043,0.0011482182976631347,0.002079012455720179,0.003664588400376973,0.002597364059663245,0.0008915196629712065,0.0029302178793951875
original_glrlm_GrayLevelNonUniformity,132.0707017817397,24.021254316168683,211.7757254148701,435.09175708475317,248.67503615835125,5811.973359093362,580.3473434101363,130.24566168393847,1244.9835727723048,1279.9011271595887,933.9469218683334,615.6267158320446,7104.289591300273,15179.115987372836,767.6852467606384,2027.480027841813,325.66163864701696,804.8698117632495,437.7684709437213,1194.0236196572193,18321.32471209299,48.105976788857156,6085.026915433871,12.796671341814548,14301.78543281223,1279.9585043604407,508.23686491864333,36.46566361650421,1831.6474793109073,2455.249997729912,2135.1704452729105
original_glrlm_GrayLevelNonUniformityNormalized,0.036984725124298186,0.029186601348153148,0.022903889549070498,0.042219838334195806,0.03664721157942914,0.054359504674574635,0.04093189503121119,0.030864747005471014,0.04059081046966703,0.04761061329156586,0.05477833249862696,0.04327709076885044,0.05240058556485673,0.08333847508452502,0.025126338222662123,0.05982223649573009,0.04179683526329779,0.05289059524335596,0.03200679702585478,0.08685198732592034,0.08166870146905218,0.045641124284187845,0.05647678827460165,0.03170893391590029,0.053153909646644786,0.03406184082831747,0.040224012464348605,0.030026029306251697,0.04701969419038444,0.05691168919386901,0.04312049617762267
original_glrlm_GrayLevelVariance,123.409807700199,107.03003620981802,159.33468101623035,89.38387653481908,82.1298634136124,61.30511107945226,118.20047132028648,85.08608062707383,80.60642467610981,114.75078338420313,39.89810671237165,77.61259747225125,72.53169725460667,37.61949592801123,161.22148269082408,55.226650432279115,109.8430293921474,68.36043667845716,170.7520579919612,30.153278262933277,43.18701346506579,105.36796961873065,56.73868959113854,203.66283695804844,41.383636981440105,109.24481007577712,95.44863710523875,112.82071412304866,108.44622055504274,51.903838847204355,112.17400473642459
original_glrlm_HighGrayLevelRunEmphasis,1530.5444736490194,1257.9909662785217,1187.1124226264467,1580.6142328792362,1392.882119440075,1665.9501883478738,1544.3804997083203,486.2741547252527,1710.6477998844316,1592.5531623103436,1831.2456791038696,1639.9697660447891,1701.181516963767,1780.8431329603243,1140.5967062098605,1711.6598821842422,1550.7975473731606,1600.4711401908048,1498.4929402283635,1869.2525240384068,1789.7234318612827,1409.1909152679416,1775.4594796641418,1459.5326653317768,1815.77085031883,1919.7378202166246,1566.329290748262,1105.7200021275928,1535.945854188531,1664.046527441352,1606.3819521095227
original_glrlm_LongRunEmphasis,1.170340345910899,1.0941670261493766,1.1045838879466447,1.2106715270733421,1.2058034906762147,1.2223305708344745,1.2210736686483394,1.1413842914403487,1.1532691011181555,1.1973708269644985,1.1886123159545021,1.1895665343605388,1.2413269638340607,1.3927331612482168,1.252969320680736,1.2605434960888915,1.2190429560525007,1.2554538108607072,1.1920098078321868,1.3834726502195578,1.3485591261179002,1.1797070760736765,1.2376193414841694,1.0880822985207148,1.1960910351694674,1.1281267872203569,1.1801935329365845,1.135959941923238,1.2286749671058212,1.2652774211866717,1.2046866988063318
original_glrlm_LongRunHighGrayLevelEmphasis,1833.6616327026618,1392.9998241130763,1320.9470659344786,1964.8042007509343,1735.8267997940732,2059.0231345449197,1944.825953730119,549.6874330776197,1990.9646268964489,1939.121778344703,2186.473381101961,1982.7911263763745,2140.578479303075,2509.175252144572,1367.4306696957776,2191.1747159523243,1954.4480489377652,2063.438073299332,1824.1177719864115,2597.4041799199476,2431.793553340101,1706.1115435707097,2216.924491505521,1626.694189498593,2178.4982846681805,2165.365705980937,1883.0193228840212,1304.7645860643554,1939.6981153335753,2132.910363779127,1953.1697427192657
original_glrlm_LongRunLowGrayLevelEmphasis,0.0040010713777363874,0.005794462993115084,0.0240705436814642,0.007236736338777008,0.001559862150341102,0.0035915104172308107,0.008305758719000769,0.01909168452368801,0.0036188199288190604,0.022031364665700322,0.0008775960333279275,0.0026540931935738377,0.006697722226424791,0.0018499358082901655,0.12061629582700387,0.001975876530537306,0.0034651349283418287,0.0018630676002749902,0.03916105883375402,0.0010154104927275662,0.00712597410403565,0.0033904680740070654,0.0030930614755430856,0.019000152395691396,0.001848997251513518,0.002247200191809225,0.003449670072321744,0.004604865455498821,0.013295780809686379,0.0021535555869400787,0.023894248435378188
original_glrlm_LowGrayLevelRunEmphasis,0.00360844291036506,0.00541537521369599,0.01768040288501016,0.0049664919942535996,0.0013796550912277424,0.0025512120050792146,0.00685319843628079,0.015404364432327834,0.003086417732761671,0.01694889109928744,0.0007737525551882381,0.002344857553830593,0.004278610832664096,0.0014641199052716377,0.03150422236186296,0.0017658089852760938,0.003220917934931418,0.0016490603888991602,0.02296784242534358,0.000809058818891402,0.004601353289199259,0.0032538803460066337,0.002584664422629401,0.0189195192373085,0.0013765600131344783,0.002042460929118574,0.003205271183856086,0.004455353107257746,0.008317066008277325,0.0018664291989175076,0.010380133824148843
original_glrlm_RunEntropy,5.449920406745688,5.484401796791739,5.78903527007889,5.305363711834077,5.355760739831563,5.011066391032386,5.4423146274049925,5.459910051188571,5.272661827894745,5.224473611382975,4.858966690831592,5.247574399453634,5.101004271609046,4.620437578464263,5.812701653115265,4.930686148161614,5.383141840300643,5.095519705683708,5.662119455478443,4.520550400627711,4.576748657286982,5.19740404315456,4.972652907011307,5.5119374094310825,4.906458032557227,5.549407879424205,5.3425980116311385,5.474381376297795,5.290424125061327,4.965777485139,5.346386192155477
original_glrlm_RunLengthNonUniformity,3230.1249991448867,776.659072793981,8670.145932974234,9142.840349654232,6041.2191769815045,94081.28375417189,12539.0078712339,3873.086401138939,27961.890835616818,23983.428136351184,15259.53574386702,12754.936067254674,118352.95429622558,148277.10125125464,27098.781764905045,29298.265125773825,6894.5284482525585,13222.691744227799,12288.388922422995,11234.978762210307,186046.412094725,951.646810127056,94042.86729998454,382.288972746515,239705.22285456862,34751.8185580698,11366.745081311146,1123.9530062854344,34270.343913787845,37153.21370501929,44151.487578485234
original_glrlm_RunLengthNonUniformityNormalized,0.9043185405422492,0.9434680454047049,0.9375629481005046,0.8869960969690109,0.8899277155795271,0.8797592024376087,0.8842482915260946,0.9175862580004467,0.9115415261651478,0.8920617083800033,0.894907285173755,0.8964175617418367,0.8724826879355619,0.8136480518975725,0.8867838132533289,0.8643944718725959,0.8845687428127514,0.8687096737370119,0.8982998625897866,0.8167224260101226,0.8289137814864836,0.9027437867569907,0.8726611824916226,0.9472476787021229,0.8907639580555574,0.9247413485109889,0.8994476956194352,0.9253801038523165,0.8796284369962046,0.8610949117913592,0.8915836955185981
original_glrlm_RunPercentage,0.9489155542836116,0.9705188679245282,0.9673893798187584,0.9383816875166355,0.9399234924931004,0.9348368971962366,0.9361353074129568,0.9566642833475751,0.9532451325402593,0.9415950424356729,0.9436839797165253,0.9439807654022266,0.9303983804000961,0.8943467264557732,0.9330869777669191,0.9253472732695145,0.9365493263798348,0.927154366379371,0.9440665636565408,0.896397616468039,0.9041309754803837,0.9469210035247773,0.9308155495554526,0.9723818350324375,0.9415190275467412,0.9604482673875645,0.9460818477666101,0.9592903147405516,0.9338520180943406,0.9238544396691601,0.9405073074658443
original_glrlm_RunVariance,0.0591397800671275,0.03208025229888348,0.03580502809765171,0.0745911486066782,0.07296241300766088,0.07766486552686344,0.07960788622024585,0.04826024044831626,0.05255203362457058,0.06926878451676305,0.06548523945102593,0.06679569772763673,0.08489413849873888,0.14126609527807457,0.10399202410288932,0.09252506990892738,0.07817388899249403,0.0916591877067444,0.0695610282932181,0.13747621999703485,0.12424096576351831,0.06401820208095427,0.08306764837566805,0.030281940683500434,0.06777792025125948,0.04395123330511741,0.06258345525310706,0.04912001659569155,0.08166997273129227,0.09340208800937264,0.07403407364910776
original_glrlm_ShortRunEmphasis,0.9617663350196538,0.9779252074348105,0.9755919711738769,0.9543222235849212,0.9554935930111395,0.9512504440232435,0.9530887090571963,0.9673749451707887,0.9648887375366892,0.9565722757422155,0.9578387047417772,0.9583763104950702,0.9479251048215684,0.9210045982012475,0.9538810149309636,0.9444878693029549,0.9531675157118241,0.9462676718969293,0.9591111437931996,0.9224377510626792,0.9282273800595529,0.9609864359651765,0.9481572189467304,0.9794746774344261,0.9560769291598941,0.9703838105012512,0.9597189503483633,0.9704630536504941,0.9511273582971531,0.9430458232696838,0.9563201607861538
original_glrlm_ShortRunHighGrayLevelEmphasis,1462.6612173359395,1226.263045112822,1155.8890292833964,1497.5268153833943,1319.3937414247155,1579.8579226435622,1459.673381399049,471.4982844037709,1646.5203217616377,1516.185342949199,1751.831496413076,1564.9972622575713,1606.2704662256215,1634.3312919895639,1090.1311259526062,1609.6549854986638,1464.8246086267316,1503.4311824176823,1428.1970884238015,1721.6769606609064,1657.3976496975706,1344.8962974759381,1679.169547379426,1420.7766819768017,1734.5060411105621,1862.8673500342766,1495.8253988616084,1063.0860119306872,1449.7136538455284,1563.56195149002,1530.4722376984962
original_glrlm_ShortRunLowGrayLevelEmphasis,0.003513322073110249,0.005321851294675813,0.016373319603183615,0.004504909755761295,0.001338956825419293,0.002362288141447096,0.006540585591226482,0.014608455660895948,0.002974613253756698,0.015897352714950293,0.0007504862438259747,0.002277092751589104,0.003873153895215565,0.0013865547828327653,0.02221410290226381,0.0017185320452880733,0.003164226995961984,0.0016011616777242008,0.020279578602971783,0.0007673477263623294,0.004144542445636267,0.003223283280652966,0.0024860772456544366,0.01890010473631207,0.0012908087568066539,0.001999510297401243,0.0031470169835012777,0.004420821917619262,0.007474597207383528,0.0018039875939610053,0.008693708576406018
original_glszm_GrayLevelNonUniformity,46.81361256544503,15.730434782608695,136.23544465770954,139.81157091201285,96.50536352800954,1565.4586638462895,166.31125448028675,67.3596161869003,502.95971154419215,377.754553598089,329.82786483839374,210.46377622377622,1778.689412604892,2073.4192125402656,370.14621702339474,460.11106039860033,94.89635416666667,194.0844416950201,158.82299932750504,181.07245996324494,3032.871537072776,16.02846975088968,1532.3556452361072,7.413114754098361,4703.323764582514,606.9912783014712,178.73731714908186,20.228978007761967,483.9513608044595,554.1162002760698,660.6946245383668
original_glszm_GrayLevelNonUniformityNormalized,0.024509744798662317,0.02735727788279773,0.02179069812183454,0.028085892107676348,0.02875606779738067,0.03449362471016855,0.023843907452370857,0.028101633786775257,0.02997554750248478,0.028199055956859433,0.04038049275690423,0.029435493178150522,0.03175664011078186,0.04254127521164294,0.02303050130807583,0.03500008066321317,0.024712592230902778,0.030016152442780716,0.021361533198050443,0.04753805722321999,0.047202756911423394,0.028520408809412243,0.03554030163364197,0.02430529427573233,0.038531620826636144,0.026737348176436932,0.02781470855105538,0.026169441148463087,0.02644832007894084,0.034766984582511595,0.02711098172090139
original_glszm_GrayLevelVariance,157.51069981634274,116.43282873345936,160.2799674289768,112.67609450243184,92.93139739757727,100.58412872395797,158.40210981873307,100.96951010763175,114.49953788845623,162.55230440072896,63.93537781754555,110.43832999168666,119.08391902624322,97.48590493591027,145.02579116583016,102.11994289391694,144.02164469401038,102.70452309537174,191.75457170392676,79.50916350236803,101.25555193462566,142.23663897367058,102.18185792442708,228.58173609244827,68.3382477692403,146.01383599261874,130.17374640488,119.81144011420366,143.84410868756754,97.17470849639606,148.80958770621638
original_glszm_HighGrayLevelZoneEmphasis,1334.3958115183245,1183.8469565217392,1138.9929622520792,1355.0757332261953,1191.2929082240762,1541.4777454609555,1304.343512544803,507.6891948268669,1619.8692413135468,1420.8314422215587,1779.7083741429972,1498.495804195804,1536.269666131048,1582.4663411231252,1037.8239795918366,1527.9492621329682,1293.5494791666667,1359.1033096195483,1289.524815063887,1769.9732213179311,1649.317717736413,1222.446619217082,1661.6697281751553,1324.7344262295082,1774.9586937999738,1919.0647960532112,1410.8579209461561,944.2367399741267,1297.9978686195213,1513.664136027105,1443.743249897415
original_glszm_LargeAreaEmphasis,21.337696335078533,3.3843478260869566,4.3218170185540625,164.93009240658898,61.18325387365912,1116.7660629296668,338.96329749103944,6.693783896537338,15.710948209070862,147.73559271424307,27.89630264446621,113.80013986013986,1249.591090876629,44756.780114487374,122.3290194126431,1894.7542978852882,122.08776041666667,716.9218991648623,149.92158708809683,2812.860593331583,39346.07976405404,34.29003558718861,986.3194405789034,3.459016393442623,64.58551251802334,9.160382345167827,55.50840336134454,11.042690815006468,909.0241009946442,997.7676621909901,416.5661469019286
original_glszm_LargeAreaHighGrayLevelEmphasis,38771.824083769636,4674.231304347826,5552.076455534229,321567.5775411812,114058.51191895113,2028129.2347303014,628843.8926164875,3009.471422611598,29115.21890458311,263368.62145416543,53456.42348188051,208976.9569230769,2307376.3667202285,82797785.31024437,57822.20775261324,3548174.63502206,228517.22161458334,1333456.2615218065,286664.538399462,5284935.921501706,73141527.03878479,58035.41637010676,1830030.0253038316,6011.560655737705,119215.63732140517,17311.065897277775,100170.09041394336,16709.22509702458,1711280.8529893977,1837597.4009285984,779559.0778416086
original_glszm_LargeAreaLowGrayLevelEmphasis,0.022354932417308022,0.013071091644968199,0.2928672513974904,0.15485865634401447,0.03556691622217864,0.7027445787914323,0.2576279843661028,0.1348255582352392,0.024585936154429527,0.28444989633729817,0.015187591741044976,0.06957410140066043,1.0356842451971147,24.272167834449906,89.11765541332922,1.0187207696471294,0.07301628297350488,0.39023710423325736,1.886011924054022,1.5017265568843519,21.429902205517703,0.02560729994458084,0.5499881149889444,0.02665725315231355,0.057958899829480874,0.009720364955426409,0.04033880035999578,0.013877620507486477,1.5752239429378954,0.5518208016024561,1.9857447824519048
original_glszm_LowGrayLevelZoneEmphasis,0.004598719659401002,0.005720671142222175,0.010443539617433798,0.003515241845949751,0.0017198807259284975,0.0026370118516432428,0.007622133518080014,0.015624638606363374,0.0036645816078905913,0.016942912493578523,0.001009783519734863,0.0030230649795947246,0.004362419635542966,0.0028204472159084767,0.007580524282624058,0.003147790299877888,0.004996776119120057,0.00260831199148243,0.014857251703919808,0.0015027713891144264,0.005945230430752691,0.005357275685408946,0.003498911040701352,0.024676490840748303,0.0015620239421688794,0.002309498035725026,0.004666630914865741,0.006249439901609507,0.00648766986817578,0.002949928534877729,0.007383335870667624
original_glszm_SizeZoneNonUniformity,994.8261780104712,330.735652173913,3537.9580934101086,2607.9726797910807,1594.5792610250298,21882.805834655384,3929.270394265233,1097.764288694201,8487.948685857322,7521.162436548223,3863.426542605289,3626.0713286713285,25832.26702374576,23794.063665647634,7932.776381284221,6785.448805720372,2111.6348958333333,3411.963501391896,4194.5626092804305,1747.896298241008,30379.541648508995,318.37366548042706,19757.07639855274,216.28524590163934,55266.33620068161,12096.214606642587,3208.3526299408654,460.1073738680466,10029.154333806973,7699.410340067762,12826.821173574066
original_glszm_SizeZoneNonUniformityNormalized,0.5208514020997231,0.575192438563327,0.5658922094385971,0.52389969461452,0.47514280721842367,0.4821700562897802,0.5633362572423273,0.4579742547743851,0.5058673750436451,0.5614483753768456,0.47299541412895313,0.5071428431708151,0.4612081239733219,0.48819351372920317,0.4935774254158923,0.5161607185242941,0.5499049207899306,0.5276776216195324,0.56416443971492,0.45888587509609036,0.472818614961542,0.5665011841288737,0.45823073565620054,0.7091319537758667,0.45276523955205145,0.5328259451432731,0.4992767864831723,0.5952229933609917,0.5481011221885984,0.48308510102069036,0.5263365274343073
original_glszm_SmallAreaEmphasis,0.7498043874646249,0.7869905501330967,0.7807996480781827,0.7518168705916778,0.7166226374039504,0.7220330660003432,0.7784468585527495,0.7034036068278124,0.7392595439526729,0.7766548353408105,0.7152201713668687,0.7401927138536138,0.7063147270916111,0.7264387776512609,0.7304553330994155,0.7463490803714278,0.769744813937539,0.7545791513454522,0.7792278047032614,0.7045776025117587,0.7150742634874303,0.7804858941352891,0.7040182693926056,0.8644480874316941,0.69988141259743,0.758301591219162,0.7345240725323171,0.7995198803393119,0.7685371744462969,0.7225949557108998,0.7535772562680424
original_glszm_SmallAreaHighGrayLevelEmphasis,936.732266197489,886.7166492950804,867.6134711978132,963.2061274377473,812.0826735427838,1080.3173729731418,955.309998735087,366.9751728363752,1159.6269532567571,1044.5269373221101,1252.570433408856,1067.1277453640273,1030.7188585994584,1090.8312880015367,724.4946886487544,1091.243378454577,931.5640791561967,975.5077094663511,948.6909557307624,1201.667570879745,1137.3539792954405,901.7808584555902,1128.2453094531556,1078.4614344262297,1224.4234911002673,1451.504358980919,991.2367633457338,708.7597279414057,945.7245202108293,1051.3353345186651,1043.5442121088279
original_glszm_SmallAreaLowGrayLevelEmphasis,0.0034138439078424385,0.00417568448286987,0.007285709518394603,0.0017938570959248404,0.001209242988608468,0.0019767399687342082,0.005632887677024137,0.011154345735137176,0.0029165809647800273,0.011774371078267981,0.0008416454051862543,0.0023291296441542305,0.003086064331337078,0.002251859580599401,0.0053577758513061015,0.0026563069978675982,0.004099567141998738,0.0021376793766121407,0.00943649528009555,0.0013222638316875417,0.0038283653895421054,0.005053525414253603,0.0024570145077794734,0.024484297925815583,0.0012326561222883398,0.001738893878693355,0.003970175288958873,0.00583398714871427,0.004895005501529833,0.0022431167667643693,0.005262504775778556
original_glszm_ZoneEntropy,6.885092945417139,6.384391276653287,6.899851387186832,6.7915836745622755,6.813083514572191,6.844045788241161,6.894286013213179,6.904052772964157,6.858381726644975,6.809976259826268,6.595477471222894,6.818609405673557,7.036094940021364,6.654159178670671,7.1606538028345454,6.697752954666282,6.8092780516625355,6.692200696831379,6.990339991914353,6.553218010846125,6.612845733543306,6.428855475815232,6.940437289565909,6.146783499538772,6.763190403809157,7.006894991996344,6.9400423112628955,6.3978887090533965,6.842418571369065,6.8429380106405056,6.9554111733250465
original_glszm_ZonePercentage,0.5075737443529099,0.6780660377358491,0.6541117388575016,0.4532871972318339,0.4648843330101122,0.3968138776438083,0.4605480356553318,0.5434141917932441,0.5214756340129288,0.4692119089316988,0.4520949797974207,0.4744840400822881,0.38438046872319254,0.23932022626389599,0.49083801612509165,0.3589253535739638,0.4615939415795168,0.39395601047949796,0.5132187478428937,0.2483698487219614,0.25894386432972905,0.504941599281222,0.37248278662324086,0.7349397590361446,0.42712576107495276,0.5802428115015974,0.4811681018345189,0.6105845181674565,0.4386642054035912,0.3413067220592329,0.46287678778324376
original_glszm_ZoneVariance,17.45617746224062,1.2093640831758035,1.9846157482964375,160.06318488371735,56.556140088873605,1110.4152942305027,334.24864017677055,3.3073855182279197,12.033623682121815,143.1934377446604,23.003692280306513,109.35836254095555,1242.8228255414895,44739.32023706278,118.17829771008064,1886.9919746005085,117.39444437662759,710.4786557518646,146.12498594182532,2796.6498752005805,39331.165949098264,30.367944301617253,979.111891893915,1.6076323568933082,59.10415071995135,6.190218122675753,51.18917324857806,8.36038418219032,903.8273057674846,989.1832548680724,411.8988095223262
original_ngtdm_Busyness,0.17233609313457185,0.05367606052563157,0.5988415815243098,0.46207405368888654,0.35208200164066916,4.16549335582393,0.5893425859647341,0.45875279276507314,1.3289160224940446,1.360714933215324,0.658814447196033,0.5954233566838603,4.6421937307767465,7.009175903239982,1.6801959469930192,1.423196045317348,0.35579065323872366,0.6870221816261763,0.6730194562085774,0.48930935446967194,6.4802334876796595,0.06270062141939942,3.6771921319784693,0.030047072189582913,9.539037370176006,0.9157357952972529,0.5592663925730389,0.10108548500034235,1.8176493850770257,1.7573531311626478,1.9762767739997287
original_ngtdm_Coarseness,0.0020273642665484762,0.008670134793643336,0.0008630356444680632,0.0007265108450046248,0.0012067606146004145,5.828370437650539e-05,0.0004926778504433671,0.0021934003453810444,0.00020794900490679778,0.0002122475666337299,0.00037262520226964143,0.00047987889400669706,5.039119943573417e-05,3.41004936321901e-05,0.00029908273016068484,0.0001888018559767755,0.0009002179851158098,0.0004383130368676956,0.0005056520844453122,0.0004843007968367082,2.595104812315871e-05,0.006161905520323845,6.233234019648158e-05,0.013735949275459784,2.3191799781604458e-05,0.0001849486545990183,0.0005608701831356774,0.00569915526910622,0.00016184605197529388,0.00015676816734515322,0.0001326551520206067
original_ngtdm_Complexity,7038.492200835602,7950.442526835317,8562.094816013407,5791.263377121908,4639.950055421794,9028.826303131063,8853.059107227622,4695.102069698203,9752.202842449886,9272.444206805456,7918.235544375567,7793.975684075083,8288.661550358584,5019.930046502416,6281.240890880953,6100.708322950817,6988.266934067914,5857.6028511511295,9529.114777248351,4455.865851550146,10938.76708964893,5781.964284916215,7716.263955501898,10105.04559567384,9532.186745807881,23840.80024227321,7270.300524046398,5679.452705567783,7746.994755366773,5806.84094015659,9846.955563034287
original_ngtdm_Contrast,0.3548480156381596,0.3730769375176585,0.5282018012174143,0.22716076702371024,0.22442342390999534,0.10734875247627289,0.2782728914275549,0.24430343297925156,0.2024381534472201,0.32963327926701336,0.07462460298553773,0.17553621021296348,0.11608434429052746,0.05333761018731092,0.4644452542449386,0.10845994604171592,0.28290591511296326,0.15513852014984797,0.5116453758475656,0.039446277777077765,0.03699434365165242,0.3677553883367592,0.0876945284419885,0.9927912038009105,0.0679214389937108,0.13126946084074229,0.2307788036071718,0.5075244289345674,0.26662381136616653,0.09732123755078548,0.2427406333471388
original_ngtdm_Strength,2.921670112451196,9.428689845461736,0.9951364846149204,1.1387418599474246,1.4508388718815166,0.1722650502508877,0.8421486209604035,2.2054354088087265,0.36662089057580693,0.3791461509937252,0.8954392569431736,0.8282904836165199,0.12144331693379487,0.09820253517863974,0.36719831762493566,0.41097083379750987,1.4320853673784288,0.7738360959160847,0.7802602058079003,1.4429893199841202,0.18588818404263915,8.119671848974649,0.15603611285081861,17.68716917068146,0.060433648389132504,0.8103586913100757,0.9334083236457835,4.940654087868574,0.29257078814393656,0.32862521896741154,0.27161083176763173
volume(cc),1.5934427496353,0.53870639255386,3.83294625479811,4.80769569361655,2.69875335693359,87.2581481933594,8.34827119617173,1.89299906506486,23.9384437539363,20.3890834200032,9.38174616670673,8.55248956467162,60.4670208797407,87.3998226240871,22.4274451187631,24.6908062744141,4.06201171875,8.88827938560915,7.11800752524473,4.94342593418448,139.200090946886,0.931736058820691,39.053971222332,0.242412267608675,144.822974825193,26.9396668060425,7.44846052769269,0.73950344769297,43.1929743376095,36.7038323664673,35.6814726847175
