0,rider1,rider10,rider11,rider12,rider13,rider14,rider15,rider16,rider17,rider18,rider19,rider2,rider20,rider21,rider22,rider23,rider24,rider25,rider26,rider27,rider28,rider29,rider3,rider30,rider31,rider4,rider5,rider6,rider7,rider8,rider9
diagnostics_Image-original_Mean,-950.188725882115,-1022.5167123730400,-939.2348249306930,-1013.5208868623600,-978.378402100206,-1040.998671091810,-1133.3051479559300,-995.1103336621930,-954.9347576849420,-1065.6972076014800,-847.0942005738530,-1119.7900237334400,-953.2817307804830,-1130.1556707236000,-1168.8308214731300,-1087.4961767869100,-1147.0520851919300,-1049.1751534598100,-1070.717807315680,-946.1769108671870,-1109.912622872160,-1158.3800895053900,-964.8851269422220,-1141.0537825293100,-952.3726317860830,-978.9085762339460,-1058.207542250980,-1224.940164801410,-1216.3397086518200,-1206.8196571573800,-1085.40333687706
diagnostics_Image-original_Minimum,-2925.5351893990100,-3067.236645709050,-2922.339659828340,-2925.5351893990100,-2925.5351893990100,-2922.339659828340,-2922.339659828340,-3067.236645709050,-2925.5351893990100,-2922.339659828340,-2922.339659828340,-3067.236645709050,-2922.339659828340,-3067.236645709050,-2925.5351893990100,-2922.339659828340,-2925.5351893990100,-2922.339659828340,-3067.236645709050,-3067.236645709050,-2922.339659828340,-2922.339659828340,-3067.236645709050,-2925.5351893990100,-2925.5351893990100,-2925.5351893990100,-2925.5351893990100,-2925.5351893990100,-3067.236645709050,-2922.339659828340,-3067.236645709050
diagnostics_Image-original_Maximum,3107.6708196800200,3096.884073315550,3087.989031540270,3076.8586031963900,3107.6708196800200,2952.1119105081000,2344.7411794942800,3096.884073315550,3107.6708196800200,3087.989031540270,3087.989031540270,3096.884073315550,3087.989031540270,3096.884073315550,2900.612724909990,3087.989031540270,2560.4458549306500,3087.989031540270,3096.884073315550,2780.9070266488000,3087.989031540270,2851.562840944290,3096.884073315550,3107.6708196800200,2523.4711951502900,3107.6708196800200,3107.6708196800200,3107.6708196800200,2258.8185156333500,3087.989031540270,2842.6496679515
diagnostics_Mask-original_VoxelNum,-897.8500550043410,-7665.553636828120,-7422.188766783490,2259.3221505195000,613.6040442186000,41835.86486219070,-4796.51498943642,-5589.340088234720,11528.34940136760,1503.3162232604600,-3423.288073845200,621.236392514209,56566.33181711580,110513.71028771000,11776.759681563900,5298.7236737446200,1094.6802910777500,-4200.6040623420800,282.09626192724100,776.8212977834860,104697.88821245800,-11391.01193658770,59291.31355405720,-2362.071213626560,122440.04077270300,14567.439255389600,3297.1348176074700,-1989.8931353746200,16147.094879385500,10031.703915674500,22519.666130414800
diagnostics_Mask-original_VolumeNum,2.5018526454109900,2.524163347140930,3.1252194077626200,2.5018526454109900,2.5018526454109900,3.1252194077626200,3.1252194077626200,2.524163347140930,2.5018526454109900,3.1252194077626200,3.1252194077626200,2.524163347140930,3.1252194077626200,2.524163347140930,2.5018526454109900,3.1252194077626200,2.5018526454109900,3.1252194077626200,2.524163347140930,2.524163347140930,3.1252194077626200,3.1252194077626200,2.524163347140930,2.5018526454109900,2.5018526454109900,8.83951526109819,2.5018526454109900,2.5018526454109900,2.524163347140930,3.1252194077626200,5.448802650181130
original_shape_Elongation,0.8526663748448850,0.6648563120621440,0.6018155561389450,0.7752947034634690,0.46574426995160300,0.6637981301616400,0.5071017527936690,0.6464574163914950,0.8572935672175400,0.808561872327592,0.3534023960491020,0.6702354804155080,0.7742532305672780,0.8373935647940460,0.6165582303450450,0.7761401397053950,0.40136646815004900,0.6897625216107380,0.5703194058648000,0.4477664672373480,0.76095967939791,0.7400310991835180,0.8801495281759340,0.6753396218131980,0.6255428642697980,0.8751606104328030,0.6896939490253950,0.7631460255024000,0.7694545339098430,0.8857131871165930,0.8536738720887350
original_shape_Flatness,0.37840158610328300,0.2595609298568540,0.24151945162305600,0.44523240126351200,0.27131841186145800,0.404649624118779,0.34210298578763100,0.4271477410938410,0.5651514184266670,0.2846086268540950,0.23485551131114500,0.5419319211959600,0.3569618922108710,0.3425173286998280,0.47647921738347300,0.4660474083235520,0.2288429687326150,0.4301623309443190,0.45374016734928200,0.31850460654272100,0.5052462957350140,0.5083793216153760,0.4367939805235700,0.18729052715798500,0.33883069976712500,0.5279126013119400,0.5169591545892580,0.4961700627790340,0.5755557946946550,0.6292192681963720,0.47026556243366100
original_shape_LeastAxisLength,7.989851150753290,3.566397934016360,6.658180897552550,12.40750934864130,9.394906663520300,20.83998515985910,10.396006550907200,8.711322402561420,19.338836901282200,10.748355922712100,9.488727400274070,14.905909920348600,21.14231948358680,25.553455651733900,19.96934723933140,14.650816038769900,9.509020574908890,11.274831803960300,14.306116595556400,12.224815856135900,30.546992189855000,4.362899208245940,24.326027554223500,3.4962716424437800,29.51509501463150,20.182919738370900,15.346985665840400,7.374603322667080,22.7171479884188,18.89590178572290,20.406344906836000
original_shape_MajorAxisLength,22.362221835582600,13.424444150047100,26.942894496681800,28.5753013826117,34.610341467301000,53.627791085754200,29.701187604043900,21.01151040798860,34.17819360544500,38.12575490268090,41.14117463131740,29.019818083831000,62.335239961066100,73.0607187392922,40.92724156744610,30.664414147804000,41.559278607283500,24.743377913693300,32.525487726480600,37.399123996586900,64.00273188794240,4.316508434700130,56.86914391554220,17.754898341876500,82.79478857464330,37.660082630373200,30.243389975397600,17.290468329910300,41.82900514420620,28.873316011431200,44.8466497200575
original_shape_Maximum2DDiameterColumn,24.02657892751640,13.805267735807700,19.10601481805150,27.41187604688310,39.15218995369930,60.95927142170660,17.55284267609530,20.767883601086200,39.646638580581300,46.740081889078800,44.197130012201800,28.079346368474600,59.92718315402720,76.43865984698480,41.84845825574380,36.62199142827100,38.644311887624900,27.603537634827600,26.787708324628900,43.64511292321540,69.68054518832920,4.279795312562040,66.39569287369210,17.012786802544800,90.26508036268010,53.967910358560600,27.935049486762800,17.27206635204510,45.16827715126220,39.83904828317280,59.19238748116790
original_shape_Maximum2DDiameterRow,22.6140522231331,12.556254536621700,29.32504994246940,29.103919013537200,22.725701009314400,46.46082237347640,29.123517371256200,21.928331636384500,47.904616490210100,38.250946328236900,17.91268038709040,30.450173255284200,68.5509258702505,74.60482688725320,35.90167656876430,33.26151501439540,27.303281259788100,28.44122070344490,34.781154636115300,23.97447252825820,69.14550463577580,4.8250985984184100,56.045934443214400,12.885131690040000,79.84071479503380,46.181952240842400,37.56513264405500,15.064688968788000,50.25928231209560,36.16876946351980,54.769031483949300
original_shape_Maximum2DDiameterSlice,24.17628184870890,12.402931756351500,25.92009653515160,30.38221091687420,37.97352840882490,60.273005774702700,25.708293219245800,21.52965677218220,42.00982794870140,39.138902656321700,45.09077314992490,31.90554023208050,72.3258265377346,81.05722049944080,39.986250609701600,36.3411337736093,43.254367829515000,28.826933202669600,33.78878996422630,40.85839476515000,76.22159210545580,5.894249812522450,63.113420072850300,17.44519483811410,93.35353552699870,56.65383438892740,33.12530318390830,17.44519483811410,52.591631302687100,36.11996798402160,57.18166609486490
original_shape_Maximum3DDiameter,26.356992693352300,14.32623474057910,30.499298511502600,34.015669288151700,41.23769275693190,71.52878065439190,33.48940680666080,22.959274830891300,48.288536522045700,46.06416265679490,47.81578374689570,33.51521348172410,78.15423997824280,87.78269373759770,49.60638214205680,38.7510247729118,46.81407247638840,30.903524343407900,42.95455961166860,45.39672943174790,80.91051058719550,6.747542707264310,70.62724369833540,19.141187316767700,100.51583185907100,61.17331550557350,39.18295873588300,19.608142523272400,58.930315072313500,39.84438274102620,61.35256709654900
original_shape_MeshVolume,-970.4789153906170,-7689.690504735010,-7449.871499817190,2169.4506124182600,532.0515055408890,41485.77586727440,-4876.882638484470,-5635.299072674710,11356.194593637900,1368.5837077113800,-3476.7655371492700,545.1102321524160,56308.20064002280,110097.23278571400,11655.789571929900,5153.8436158134100,1001.1481091730100,-4252.455292878260,213.07690356298900,699.9360371068510,104313.76582220300,-11364.122735681200,58983.69350325830,-2424.851150830530,121941.01469866800,14371.809208721200,3219.618014222870,-2055.242889680060,15945.617598429800,9868.695354450390,22242.327465885000
original_shape_MinorAxisLength,17.734284064152200,10.79015284114900,16.448334963563900,22.1789787274189,17.01829792382190,35.53917586358700,14.981033093554200,15.021251699866700,30.407298695253100,31.342390367764000,14.218527764094100,20.23558329020130,47.9321029189978,56.19729233438830,27.117696438042100,24.49339125640910,18.054191852060200,17.641670140569000,19.80782444440310,18.79562977022360,48.334567084035100,4.521883143552990,46.257189472293300,10.438990815104600,59.57619256246300,34.81730039351430,21.233311452690400,11.197455687510700,31.175547806448000,26.664064947392300,36.158443646625900
original_shape_Sphericity,0.5814638931035310,0.5395540603393270,0.33682061479621200,0.5532998468552670,0.4380024872656760,0.47582404435932700,0.4351370916836620,0.5032353499615270,0.5300663415871560,0.259728444968399,0.3912230061258690,0.573969283742291,0.36503346574231100,0.5394720435376400,0.37991512648719300,0.5285901660495630,0.38620094328262500,0.4974207906208920,0.45246445040820400,0.5066295432797750,0.4399028189840710,0.6829287578303800,0.4248719462563970,0.4431750904737060,0.38704891847139600,0.23764153727004900,0.4718509059565640,0.5982605577707070,0.2550457336137560,0.5460162337427980,0.37050842139550000
original_shape_SurfaceArea,1140.2771712661000,-719.4361913071350,831.5758779526620,2150.2716751440800,1914.9148164577100,9208.860013548850,1230.7921142920800,275.5113406410800,4266.001371238920,4525.106470302270,1866.3019012733900,1793.942377792250,13623.85254595710,16570.56438150190,5256.392646766250,2986.269161879000,2222.5008674552500,1129.2746200543900,2320.074958352600,2145.9392163516200,17693.216521627200,-1401.563985513780,13502.116532438100,478.37589371433800,21306.205419843400,7431.439178221660,2659.511574276700,662.529356957788,9502.90996385112,3702.2420634620700,8419.774157367530
original_shape_SurfaceVolumeRatio,1.0534850394538000,1.5547264370090700,1.3832963537886400,0.8611687718208990,1.0294475727448000,0.7511721768435480,1.1202976808060200,1.0993579134775700,0.7204434359268140,1.1952336080206100,1.1266435713595800,0.8139509876732880,0.7839697782554740,0.5783034090260440,0.7995746144882040,0.8729167646880920,1.0488406095012300,1.040494614928530,0.9083397617463010,0.8557289436184450,0.6881297860589420,1.637080195530830,0.6631297377923180,2.1005955717556900,0.5711278111788370,0.8891689226407810,0.8799350863237770,1.3403851972272500,0.940690073357814,0.8272335340856670,0.7830979421409010
original_shape_VoxelVolume,-897.8500550043410,-7665.553636828120,-7422.188766783490,2259.3221505195000,613.6040442186000,41835.86486219070,-4796.51498943642,-5589.340088234720,11528.34940136760,1503.3162232604600,-3423.288073845200,621.236392514209,56566.33181711580,110513.71028771000,11776.759681563900,5298.7236737446200,1094.6802910777500,-4200.6040623420800,282.09626192724100,776.8212977834860,104697.88821245800,-11391.01193658770,59291.31355405720,-2362.071213626560,122440.04077270300,14567.439255389600,3297.1348176074700,-1989.8931353746200,16147.094879385500,10031.703915674500,22519.666130414800
original_firstorder_10Percentile,-564.3224780909880,-522.2639357560110,-881.217958488425,-394.77897065699100,-457.58973360987400,-363.4801608684720,-671.1991139007480,-793.225575034204,-275.30200233102000,-597.3758247344270,-217.29537095225000,-392.06380975620300,-380.5350530253650,-168.8394078852070,-824.8960566304860,-308.6608646498890,-502.8771800947740,-480.18433661423700,-639.4525271030570,-134.19822675786000,-147.85759574204400,-642.2058121047160,-236.4319564263700,-777.7879670532160,-101.20699134174800,-228.64909088945000,-426.63949554391700,-545.5475259254780,-505.95724373425900,-302.56983173671300,-490.74892031249800
original_firstorder_90Percentile,-21.305569470017700,47.63289639618300,-27.645470760499800,-43.18089793885900,-114.95930236393900,-26.24833833218150,-6.289216627053780,-243.13405817526500,35.43354500289580,-18.26468965013040,63.56770934089310,85.30210702325470,7.682168566535600,57.234850818516600,-132.04939865562500,-24.252426161668700,-41.471888309690400,-54.19110871936020,103.1929352547240,76.11049264053010,-44.21154786679630,-14.672041652166800,91.70341414567180,28.597506486221400,16.634439082041400,201.2074790322480,-38.05386905135330,-56.852974972207700,58.87621097695250,-50.19928437833460,85.95865359114590
original_firstorder_Energy,60626029.198180900,-458729365.55041400,384229845.46912800,215025273.25203400,136118372.3998750,1799907079.228200,240600107.1789270,512579815.6514280,654958965.7200070,713659896.3792290,-132658623.78955500,-11924423.632728700,2849844148.5249500,2492927045.939890,2635807375.1980900,245420427.24792100,195044112.9466680,3091107.7951090300,693806569.1163370,-322897982.5750460,2792993580.4052100,-312471434.730677,2161800710.869150,-57948766.46337400,3255527578.108340,1136158382.9809000,307589010.50052200,-33167430.69529900,1589815106.2531600,381640151.2661270,2189340322.5327800
original_firstorder_Entropy,4.412231404660520,4.929612180159540,5.379907805858400,4.115448924761460,4.214810209796090,4.186527226212930,4.7253756638338800,4.823343281034850,4.171858561382310,4.487857659470620,4.060898140358690,4.5646177419818800,4.271093803748510,3.8067303325927200,4.881932461201380,4.026433778571460,4.209711938394380,4.24242704783735,4.929685958542580,3.7353072935152300,3.468851632408020,4.521619565921230,4.265279057827330,4.733196207119160,3.5494050216626700,4.629958648266810,4.222127573106730,4.569716604408190,4.550988113096520,4.066545975239070,4.636798967291820
original_firstorder_InterquartileRange,213.36496981629200,362.2618315872460,526.5668485792590,172.67719909604300,257.35174897331800,172.26720868532300,302.103722683722,323.368535823581,137.48777577042200,198.6746352612690,175.56813700731600,229.0522935966920,177.76875588864500,115.28940348797100,406.9067981072060,154.66225763469300,204.56761398488700,203.07587302392600,411.85078368592000,112.3724063056960,110.64988000811700,264.6932017011330,166.82302037482800,409.65597180452000,80.30496286628840,169.37819065926600,162.7801737857120,324.15666981805100,251.4159386608,171.1668992446590,230.99695838487600
original_firstorder_Kurtosis,4.045619518008770,1.445286336872200,0.2613920803157330,6.043232728750680,2.7967682476355800,5.631722734706130,2.0583650368756500,1.2121270850476900,7.50054561080752,4.15487220988023,5.458197355140640,3.161485318093750,5.745290081959490,11.297503293188900,2.5927651761226700,6.5525454031088400,4.48768262861279,3.2086807336485100,1.5630533278702800,12.434639885643200,17.007480992606300,2.0442189675297400,6.93720623937,2.7175139718483400,11.719623456721900,6.844535948038580,5.658846905149120,2.46622801079988,2.9339674400331500,6.698602782338440,3.336797186210450
original_firstorder_Maximum,216.41608943433800,321.41135085237200,179.3490419878100,145.99154740910700,199.98369629511800,847.4217794688920,317.7493961223220,48.52037587764970,405.38861053537500,242.08191278709800,668.2773958461810,417.7258126081560,313.86901236154200,340.1391628604410,235.19596730773300,171.58827446624800,257.49707228239000,134.07789811203400,473.9092486323630,334.7883594295640,1578.8741183760600,83.63290922188500,571.5614112458670,268.0607535861740,751.6426088260950,1364.3361244456100,420.6472613075090,143.64406267493300,365.5554791571060,187.1098095093710,634.4333515586700
original_firstorder_MeanAbsoluteDeviation,159.13067529947700,186.7789798532130,252.6319009210330,123.4881686959810,131.6988514338180,115.88869492474100,194.0633057821680,167.03244131005000,103.91244313116000,170.4930932522990,94.73592932222020,146.46088259890400,126.40149448132300,80.33793330803360,216.72135861913500,105.64460182881200,147.00019445316300,135.84244748372000,239.7484422060460,71.72985172535710,73.88173437739880,180.79008456512200,110.80118574987300,241.06671623840700,55.95594596382280,127.14923158178400,125.49462887075300,165.3482522401510,177.20675407121100,104.43426590451200,175.6816044569630
original_firstorder_Mean,-232.96533721922700,-240.7816098057180,-547.361087727987,-188.29675063107400,-283.8782731199510,-185.26769550167100,-280.61991721685900,-543.7958889091110,-122.706657825144,-255.70326915539700,-86.16174128053430,-118.0907757385040,-170.73801825347100,-70.3008507129359,-505.25621395547900,-154.46132428747600,-211.47650528250500,-220.78657863479600,-184.90342239145300,-47.11161921508270,-108.48490313914100,-267.9781276969320,-77.3564494546267,-315.901654904251,-54.596846750157300,-37.82803212951930,-200.85821948913800,-311.60466199129600,-153.99054436027500,-180.2846819614830,-138.409579732191
original_firstorder_Median,-183.6370786331540,-243.15561755200900,-564.7725184485570,-161.5912006292770,-275.2122641877200,-194.0515744423180,-195.91449375893200,-573.0584249707060,-148.0245064730450,-201.50325170877500,-136.30107562727500,-87.80456009029470,-167.97070400971800,-66.85835009545680,-516.0210854608360,-164.2448653764900,-151.41618001210300,-190.32573580908900,-93.9138713387891,-53.76696884868310,-143.75275289373300,-194.0515744423180,-67.73110884524180,-168.37454770739300,-120.89111816058200,-112.41193431293700,-185.3329154026830,-324.3915305040600,-91.29559508943440,-199.6403323921610,-86.05904259072490
original_firstorder_Minimum,-755.3810508507250,-818.0235430236410,-746.3743574222250,-755.3810508507250,-755.3810508507250,-746.3743574222250,-746.3743574222250,-818.0235430236410,-755.3810508507250,-746.3743574222250,-746.3743574222250,-818.0235430236410,-746.3743574222250,-818.0235430236410,-755.3810508507250,-746.3743574222250,-755.3810508507250,-746.3743574222250,-818.0235430236410,-818.0235430236410,-746.3743574222250,-605.9512273868380,-818.0235430236410,-755.3810508507250,-755.3810508507250,-755.3810508507250,-755.3810508507250,-567.2053967143690,-818.0235430236410,-746.3743574222250,-818.0235430236410
original_firstorder_Range,956.3059217712900,1132.176455506450,900.9483868841400,882.0981650092210,938.9907785268080,1637.3954911762400,1053.5134210743700,845.2441944686010,1155.430069082840,970.1016967741050,1439.9164515935600,1233.4466652845100,1049.2358967512800,1151.8678851855100,976.0946569078420,892.3933382379590,999.5937798824980,851.0439364480830,1292.5209543217100,1146.2417624200600,2443.708826078830,744.8187490913320,1395.1976947911400,1010.7249433968100,1520.2848731630200,2165.8923569930200,1171.5084163812900,748.5242028374970,1178.5919683213900,909.5034355303210,1461.3046372851500
original_firstorder_RobustMeanAbsoluteDeviation,103.49580949291900,142.9373794924430,206.974618364919,78.21402360490420,103.5462346537630,73.05577673151790,135.32586097195000,129.40101314723100,59.2936445438174,97.5420585621777,70.54321225054610,99.90358726910630,76.50540876633470,48.01076743244500,163.84171720157700,65.847307385849,95.4902825489151,93.13859537952590,176.06248336070200,46.35973657180730,44.19884837435630,123.93189647549000,69.62268410856560,178.39806007939600,33.152451857219100,71.52370720611220,75.2757653009645,129.63857594814200,117.28499923785000,69.814619692832,110.74466401373700
original_firstorder_RootMeanSquared,341.26095663482000,315.46032912356600,605.718739114855,267.1804604334790,290.0945612429770,266.1358548491570,412.6793505745440,547.7814408176170,235.04060014493400,401.69532223003700,200.26820815703500,230.42515896736600,292.95551976307700,165.2665032107110,551.558079547417,243.0677587875550,309.5003869071510,289.7464503146640,342.50687637571500,155.86170983628500,206.62537951407200,384.7834929866000,197.5862519092750,489.2102340599630,133.86971329451200,292.94616356784100,281.30239365264500,358.1383872567210,274.395172321201,237.36912518134900,276.4862646170720
original_firstorder_Skewness,-0.27805172647957900,0.08631574010480760,1.6611212902731900,-0.6504036046676370,0.34620717594076300,-0.2721628575840880,0.49467668653949700,0.6864135217482590,-0.6602883227764010,-0.26112752136903200,0.47183325060053300,-0.5611456752905220,-0.41044869584393900,-1.5808624448623900,0.4244768588376890,-0.5440801213285590,-0.4198277819671590,0.1709694357087290,-0.3741133043423230,-1.462820135784870,-2.272918242285910,0.3948492066366570,-1.0472049367539200,0.0747694373157943,-0.7414476611382950,1.3461110015308500,-0.580823605266657,0.5201099432541430,-0.6853112096299710,-0.4415475525157130,-0.7249991486431250
original_firstorder_TotalEnergy,60626029.198180900,-458729365.55041400,384229845.46912800,215025273.25203400,136118372.3998750,1799907079.228200,240600107.1789270,512579815.6514280,654958965.7200070,713659896.3792290,-132658623.78955500,-11924423.632728700,2849844148.5249500,2492927045.939890,2635807375.1980900,245420427.24792100,195044112.9466680,3091107.7951090300,693806569.1163370,-322897982.5750460,2792993580.4052100,-312471434.730677,2161800710.869150,-57948766.46337400,3255527578.108340,1136158382.9809000,307589010.50052200,-33167430.69529900,1589815106.2531600,381640151.2661270,2189340322.5327800
original_firstorder_Uniformity,0.0706474198864245,0.03775122659480550,0.021392627679473500,0.08063464654081090,0.06997005912349270,0.07626939604895400,0.055046849046283000,0.03931960005163160,0.07623660652195820,0.06522688000200750,0.07582298173306330,0.05248939297351680,0.07300436240091130,0.09375878168474920,0.048774054855684100,0.08637845574459480,0.08096884532932730,0.07565744753938470,0.04161429310057490,0.09674725516261330,0.12435656111754100,0.062379695550226100,0.06534489523341460,0.061014219674209700,0.09853601712889860,0.06435187470616190,0.07615538815853520,0.057625627749232500,0.05714608469641250,0.0804430249501967,0.052367367559219800
original_firstorder_Variance,45531.10036165180,53332.60929856280,89892.93641278690,27240.177928899800,23416.241307991100,24821.277463109600,60420.89256074530,40614.84781190440,22190.697583438300,59018.20585113200,11523.492100853200,35448.902269999700,31903.296727756000,12028.407921601300,75838.89240184850,20459.178022248400,37591.70053648270,28807.716148844700,90876.75915785560,8114.715864221620,13130.39739727100,52420.75949661530,23376.811590653300,90715.83399036620,769.0479039737840,37964.21291505660,30198.610193845100,40712.68922739500,53201.29044602870,18511.862157042300,57010.06949463970
original_glcm_Autocorrelation,755.9809518318700,744.8841920393180,-84.1261157917902,776.6109291817120,538.2088573275470,764.5640235460500,619.9103785731590,128.76634514132900,934.822992239212,631.4910933808500,1027.8354834910700,1027.2271728108900,839.0578845937000,1128.7497349022800,98.48094746442040,869.9420550512680,787.375206918485,718.9036729465460,915.346366117102,1186.4786002348300,953.7755695927260,384.17817970556800,1114.9142010696800,581.4948497666160,1054.1034604866200,1196.9063381620000,738.1992394510060,146.06107853084000,951.6818877858990,772.9041201393190,980.9739501874120
original_glcm_ClusterProminence,190747.9111735770,99253.54643643610,641419.5831244430,158492.5521604480,-34698.38266517390,88156.00870195610,325768.2081451710,59078.13032882060,-10054.998527282800,483518.3466298310,-115793.25204425300,58141.209010269200,201348.2473549410,-56576.993660131300,932733.7979333020,-8671.948355245610,103702.90908446900,16838.689951684900,698088.988406464,-80813.95724098840,117221.36294699200,240109.2102044,33613.749121635000,474767.8582498810,-125927.63931974900,252996.43927324900,100139.84728798400,23932.23841496110,259030.58323379400,-19580.53149720460,469623.40314489500
original_glcm_ClusterShade,-2329.933974135100,-127.08669726128300,-1899.9547590250300,-1489.6847360999000,1712.6000423785300,415.3166227136420,-3567.65937324937,2020.8442971476100,1419.390593210100,-5838.9560122789500,4443.426027918720,-1666.8960060473300,-1205.486835311100,-84.55917835473400,-8906.755197917100,2029.5309379636400,-1062.0555541943300,1146.2284475494800,-8023.594444811410,346.00432167137500,850.1352500568580,-2987.172348998080,-1139.5001751690600,-5677.338073173930,3616.989595076990,5231.682156038210,-888.9143798100740,1115.209762242000,-4172.439222464950,2490.5518046154700,-6120.119572398870
original_glcm_ClusterTendency,170.3024863442460,222.34433167726600,463.9145132256580,133.14014930666600,118.91308835589600,106.65982421349800,242.97877552134600,204.935731814412,54.4876210547567,221.76341100831900,38.02903702580810,130.66206315816300,133.9077084378910,19.80179748445510,466.08553910111900,72.8934436033134,136.94908683276600,117.7199489736380,403.9377094723510,9.047835683090030,52.989622102533600,217.34678885699700,76.01969404964620,312.4550701864350,-19.035174938021700,160.23801110825800,128.66894022799400,159.16096406792700,210.83294758086600,71.70198024340160,255.32872357046200
original_glcm_Contrast,56.71085765861080,107.90621230266500,132.0844662060420,39.166507945169200,27.26020225002780,35.733927548471700,83.87226252293090,54.453724595844800,50.66513677498330,102.57859891936600,27.855443334898700,58.883952374229600,39.9420435801438,21.627512992421600,53.02276915201470,29.875778526623400,49.05164167600420,39.631486598233500,122.35906532478500,17.101377703374800,18.362028630678000,75.76720796837550,39.29366493991080,162.44393534066900,19.703431990252300,70.82508580779560,41.24738301534310,73.57039083779900,76.74084995661310,25.340982961389200,82.77913878776990
original_glcm_Correlation,0.49135162929566700,0.311427042111154,0.6227432355745140,0.5331202152669100,0.5896360639767360,0.4879683233807230,0.4996798353377130,0.5583376329499010,0.25881042560168300,0.3304266267405790,0.17051343276515300,0.3724119946766520,0.5461444110264660,0.28456420773033200,0.7713541125514070,0.3929741947316780,0.4750279757190170,0.4887887691537000,0.49410609506176800,0.2776785765527710,0.4465340057712680,0.49067723929083300,0.3598155416115490,0.3016639231736670,0.18398391541073300,0.4044554349917110,0.5106437415966940,0.38987865071932700,0.43771882364526000,0.4519058559209670,0.4778013108894420
original_glcm_DifferenceAverage,4.9027214888212200,7.762068216166900,9.01042976179409,3.8838855177203000,3.4422175983161900,4.259378554117260,5.928395876892330,5.703385924522570,4.900146815294080,6.384637455556970,4.133040580322050,5.508209780278290,4.261074050165900,3.155534167467650,4.736538066346360,3.64554499320454,4.195641048265490,4.184301442148960,7.367045286916540,2.901216204666110,2.588398284465220,5.799355501169270,4.436110627675240,9.056616311797560,3.099709146651800,6.059461252160640,4.175517707467560,6.2711014214627200,5.693472293903460,3.4050066095856100,6.056566137800460
original_glcm_DifferenceEntropy,3.596497524358490,4.210129191678420,4.521305639759540,3.3371227029431500,3.1689468201761800,3.429578054544350,3.902762181526900,3.831814767134970,3.591782681784480,3.981621745268010,3.3606299463401200,3.8376404120763200,3.4170491078059600,3.079214586129010,3.6023272813813700,3.2245471483981000,3.4057142448614300,3.4187562427920800,4.226377113403880,2.963933062978670,2.75554072632155,3.8134937833475600,3.5394145481370500,4.228527183961990,3.0395313027741600,3.8861800950905500,3.4082873580445300,3.8857585845189400,3.881264470630960,3.13062693763096,3.972244988534430
original_glcm_DifferenceVariance,28.04569924024740,40.413342689042500,47.718207058143000,20.71525144517890,13.074764560471900,15.33323647266070,44.14645457823070,18.943834312342300,22.78545265980500,57.10922855987780,9.010792158840110,25.925928615354400,19.091995330311800,12.127127258441200,26.034538507016500,15.096157465848000,26.952523383566500,19.677581118798900,61.21575078533620,9.441271401609940,11.724584994169000,37.94549427296830,18.602606349206400,76.5575937442154,9.203918897448790,30.022447947804100,20.306706735761800,30.022710447165600,41.28545941061790,12.623454010571300,42.52731295793680
original_glcm_Id,0.3507201630957520,0.23555375319037000,0.2017770883404220,0.38864637513442500,0.3921293712958220,0.3484898200417410,0.33969837469673500,0.2702801444201940,0.32314356243709800,0.3246844573928400,0.3337589412400750,0.29176101920885200,0.36251765168724700,0.3897799377651530,0.36762939947782700,0.3905469152865880,0.40031936463092300,0.3834373440838440,0.2774856520093170,0.4002558616009960,0.45928440400887700,0.3300774023168280,0.32162321522209300,0.28690335975633400,0.3753906624707910,0.2917628620748310,0.36094384604312800,0.30451752629421100,0.3127039084619440,0.39746527516321700,0.29174790657091000
original_glcm_Idm,0.2753255674260730,0.15644711791434000,0.13078116643025100,0.31397563020145300,0.316600255426349,0.2688042535215540,0.2720041960274600,0.1849342362335620,0.24360186125725600,0.25314462885629200,0.24980243367618000,0.20849846547504200,0.2858828088729910,0.31018432421885600,0.2958466568282550,0.3144027892859170,0.33053973160916900,0.3127399000842800,0.20080295407371600,0.3211255515663510,0.39021963405611100,0.25909349549749800,0.23593123489475200,0.2254756891996710,0.29093890750222200,0.2162459508299890,0.2826880473726700,0.23489840708938700,0.23335269570776000,0.3206632880448770,0.20994495717915300
original_glcm_Idmn,0.9639573170299760,0.9478578371916310,0.9344665575484960,0.9696129949408440,0.9763316126251380,0.9850441765934160,0.9623280915761870,0.9596645483473210,0.9729448671881690,0.9529560101786370,0.9843046250600610,0.9683464975527690,0.9746627444825640,0.9807344985998760,0.9666442771150060,0.9730597976135910,0.9694695941647350,0.9674952725642100,0.950078936660787,0.9824259272460270,0.9906850008129260,0.9454183354460120,0.9771763173061050,0.9275876104275580,0.9888829633932280,0.9844130159749290,0.9763474397574920,0.9458663829757040,0.9616035512515250,0.9753749649699030,0.9659981587238970
original_glcm_Idn,0.890371471171983,0.8492199664737190,0.8272082570605900,0.9020573109357250,0.9115086208396400,0.9350444426714590,0.8880751194971390,0.8672848607082430,0.9021195700543180,0.8759717908195630,0.9284915728344950,0.8914049457507410,0.9079076799627340,0.9296993896480650,0.894705546681931,0.9052755752694320,0.9063960379890160,0.8944579278631620,0.8671797211515110,0.9342232161201870,0.9667852783416330,0.859450505116375,0.9139595369973150,0.8407552473861010,0.9429794424022980,0.9301566581021900,0.9131959681873550,0.8521640519626580,0.8883001315138920,0.9100867011750640,0.8927808314351620
original_glcm_Imc1,-0.1899709118623510,-0.3479574878685570,-0.21056555277540900,-0.15277712241799300,-0.17283690908684600,-0.15902342701385100,-0.20474062071114700,-0.18975546993598700,-0.113396473291792,-0.1548170675684460,-0.1418391622718430,-0.13153225764361500,-0.16786877907308200,-0.11327494975769800,-0.1960483565705990,-0.15505592229001000,-0.16296495212737000,-0.18384370556766300,-0.1591908362087770,-0.14109305994782900,-0.1515102460506150,-0.4157952061814180,-0.11066166295536400,-0.4994575153846740,-0.09655602900652770,-0.12682299444770200,-0.1488800348376470,-0.2561854529879190,-0.13164667570671200,-0.16477883140110000,-0.12940880476996500
original_glcm_Imc2,0.8550793868292880,0.9711405098336440,0.8989189433744450,0.786573345305613,0.8204754632198310,0.7396822003567020,0.8659668514573960,0.8599841931877930,0.6749820198232550,0.7421723011157490,0.693320617215041,0.7300288045172390,0.7499104428711340,0.6363972597478310,0.8721579895160410,0.732873888475656,0.8029743412859200,0.8061759135067520,0.8093771461890110,0.7256044217837030,0.6943436145894670,1.0563431343183700,0.6473251672640090,0.9750199762994740,0.5722991090589140,0.735886654675561,0.7813514066415210,0.9210350090232660,0.733318837318397,0.7603603739212250,0.7326084785725910
original_glcm_InverseVariance,0.2507610537614780,0.15037475400932600,0.11512406545994700,0.29046221213573400,0.29336818066869600,0.24646571686278200,0.2467447489089820,0.17790776374824900,0.22261983308839300,0.22865637756156500,0.22828489230066600,0.2023769892601450,0.26050221124555900,0.30163887850312900,0.2457699188309170,0.28663420071152100,0.30563096708225900,0.2852566360350170,0.18860911564592500,0.31182817947738200,0.35526367061308400,0.23944516128539600,0.22953622639218200,0.21510140104598400,0.2701158619295970,0.1954840667795610,0.2603926777539730,0.21061462561019500,0.22474985933969200,0.29388368693697500,0.19917057481017100
original_glcm_JointAverage,23.431560512132600,24.834211794693400,9.658721803406080,23.806150717254000,20.338212641378700,23.5682104883325,21.204367099666700,13.058212221254900,26.460112746751300,21.57868504808530,27.300302469161400,28.85941232521450,24.459395108070900,30.314001944037000,11.364377179151100,25.0988543659222,23.999037031955500,22.91964975304970,26.862570953127100,31.04175437303510,26.225259787269400,17.92738323223670,30.059653926857800,20.826445808885200,28.229282711795400,29.5425062834665,23.297071302012700,14.241480493608300,27.709813957851300,23.788207373966800,28.01375573505810
original_glcm_JointEnergy,0.017040963967314200,0.006606715696240220,0.010152507543097600,0.01800895525357970,0.01699135831456380,0.016972557708565500,0.015993076495422200,0.005971322712982640,0.01634558002252100,0.01597093666469850,0.016026121297853200,0.008276762669276180,0.016870053404282500,0.018389118428721200,0.014994596094241600,0.019459660371850400,0.019087805573240100,0.019161381500088,0.007148652421340800,0.019144995313942600,0.026439532878414200,0.017777491154071500,0.010119548164997200,0.01933079405317530,0.01824485075183850,0.014961177771508800,0.016951230305038500,0.01603839978112780,0.010116697473092900,0.017928762708639000,0.00829737272821416
original_glcm_JointEntropy,7.6972023159445700,8.392727476295270,10.187921365101900,7.582876213249250,7.672594349324180,7.590338550526610,8.373232889217950,8.896351710827810,7.902644325261280,8.13145542050424,7.406038923887730,8.388158435377590,7.677599103349100,6.773756169828450,8.974048418122310,7.100248581869840,7.4383049497297000,7.410838754831510,9.077400186836840,6.596109672717400,6.036016210107940,7.162248622842750,7.855335145024770,6.076928313505090,6.920750864394060,8.92984572584145,7.843557538161540,7.684779450087900,8.310643654951800,7.24320772908971,8.605829051174700
original_glcm_MCC,0.6536168310007750,0.7021660036482910,0.6831237881332050,0.651706463408327,0.7196246533874150,0.793826598123532,0.6915456811040450,0.6791124464722230,0.5233172234134660,0.5298395130953500,0.523023242476175,0.5460738497128320,0.7018055226013890,0.5503228456521900,0.8673811132826670,0.6009290708374470,0.6293183791661410,0.6494973692712120,0.6517406372041970,0.6207293626658180,0.7556250009563580,0.8003269114656520,0.5611128541544390,0.8453179047992560,0.5406192847409070,0.5785503825806640,0.6642555203526710,0.6112320017796790,0.6085076679014740,0.6041743289460720,0.6385126237584460
original_glcm_MaximumProbability,0.04164159937647280,0.021659419345368300,0.02732311784593430,0.045137241945832100,0.04406694784408340,0.04181531651385170,0.04693328090947980,0.018440455900267100,0.036178060223435800,0.042531449916916800,0.03833626500228080,0.024769808978012800,0.04161859658573730,0.043357916074825200,0.06169659132460990,0.04771972840498590,0.04958264108363480,0.05166685788974760,0.024731901391595300,0.04459562017835660,0.061279075360188800,0.05292500804480860,0.02618867559908110,0.0544457581543485,0.03892591206633110,0.033562549776620200,0.03960918351965890,0.04336821462393300,0.029881413901382500,0.04415687318007360,0.024775547951534500
original_glcm_SumAverage,46.863121034576800,49.66842359833260,19.317443618420100,47.61230144477910,40.676425293403800,47.136420987097200,42.408734209965300,26.116424454866200,52.920225503486600,43.15737010677090,54.600604948439500,57.71882465820890,48.91879022649860,60.6280038954327,22.728754369919300,50.197708742147200,47.998074074161200,45.83929951658650,53.72514191461250,62.083508753218200,52.45051958474630,35.85476647538240,60.11930786114800,41.65289162836390,56.45856543338340,59.08501257658370,46.59414261435170,28.48296099852240,55.419627923815500,47.57641475834720,56.02751147814110
original_glcm_SumEntropy,5.019697852340450,5.683188152948710,6.4710734804014600,4.899694066274270,5.063786125167750,4.773957745707340,5.456000755451510,5.745820192596670,4.609754519292550,5.217548479989570,4.5954550372688000,5.1714771388943500,4.939194143180880,4.182532476717430,5.969830311197630,4.575919847126700,4.839081642662290,4.86253577093837,5.781581306719250,4.135417472220360,3.968278359893710,5.125768815340140,4.82132371744783,5.1309802949486500,4.016870502872320,5.344830413338080,4.896844192835970,5.216510111989520,5.212807530666850,4.74269851396264,5.354776860957180
original_glcm_SumSquares,56.656589991842200,83.26285920346320,144.82181752397100,42.2657877494857,35.202232105546400,36.17803921253490,80.74146697312860,64.19758515584720,26.372449466653400,80.96474249361850,18.211869206968800,48.05266927692000,43.60615374240690,11.652505306503300,128.27142664130000,26.797108634420300,46.16269625784230,39.79144257645840,129.82657723904200,7.865738891586450,19.06486974481240,72.62082712443800,29.767203436436300,123.27096843479200,-0.9760207093023330,58.409217286499500,41.78971462694630,58.96660505652100,71.8282066507717,25.283435766465800,83.93792058014300
original_gldm_DependenceEntropy,6.656083649396650,6.2257749891606000,7.308260164037850,6.6418449288544900,6.78765287919766,6.43582915337701,7.1076741796870200,6.807651832910500,6.387938314344050,6.641208643423110,6.096449469116990,6.604470233913440,6.719672674937330,6.116466493728690,7.592166256576390,6.399601944329630,6.723579008739750,6.601897053049620,7.134217331710890,6.048134115167750,5.960676144864220,6.2325843389093900,6.4178962001385500,5.6550321834726600,6.047914186047190,6.742686971454880,6.654429074210600,6.333904977479170,6.709577553478260,6.6272017810576900,6.771985128533570
original_gldm_DependenceNonUniformity,-112.40379341050400,-2057.901779466660,-1322.9966418516700,410.9675187886160,131.41084830652100,9441.323319598810,-1344.9738549593100,-1424.2276037960200,2635.055219496930,355.07370286472600,-865.7170976189200,128.25471105588100,12111.303901589900,17160.14519149610,2304.278938692300,499.28875653709000,198.20962637450600,-1432.1844455423100,133.78940264378300,-781.2725428474710,17054.0162598088,-2932.663101464140,13265.780501696600,-388.332349493171,22928.20450876210,3797.689565275790,703.1556140693210,-309.7851938900160,3603.7542858388000,1444.2473810731400,5833.247456194640
original_gldm_DependenceNonUniformityNormalized,0.19475820694903600,0.384625861182228,0.40908027179710700,0.15216923596785400,0.16038362004354800,0.19557953880320600,0.21027781102934500,0.2924824495160160,0.21436573441638,0.22672911603138600,0.23320336576864100,0.24147369936816700,0.18058109531411200,0.14199776440630600,0.17206373583846600,0.16189454561211900,0.1507655215468200,0.16963019835332300,0.25204303360914400,0.14466838240226600,0.11426957542475200,0.26314623595571300,0.2025198702661910,0.4298256220504640,0.16346196323135400,0.2599141337299060,0.18056724243128400,0.27611324647710000,0.2128276955962330,0.1594717136819950,0.23324578065464700
original_gldm_DependenceVariance,7.545625832633350,2.82488901683658,5.4764432430045400,8.848189860924100,8.702964244180200,8.039278231085230,9.66273781778267,3.204569544892070,6.859089403700570,8.235882739444490,7.09220705718106,4.36615400318779,8.647903802882070,6.905150332109330,16.027687809606200,9.306216187196660,9.608489447791860,9.943709634140040,5.248900157817720,6.8720389697209200,10.912506764989400,8.0427775833774,4.605959280946800,6.477005967634220,7.506149846022910,6.391575310103640,7.633196562497800,7.454320582618670,5.416493253497560,9.22436924885544,5.227797352660180
original_gldm_GrayLevelNonUniformity,-152.7149832717350,-419.5428590467890,-560.960394244537,49.88689188279530,-75.42298551946120,2222.3686534320300,-365.0222670114760,-359.23292076435900,558.25538390843,-25.601061745872800,-206.28188747213300,-69.06325173857690,2882.870817127620,9228.878571585850,263.67393757320700,364.09405761784300,-19.137713408375100,-248.4932491468650,-172.03926842024300,320.47049486493200,8833.739043115550,-635.4605321103700,3202.249597825940,-230.589722121906,9027.033792918230,570.7709482164010,91.71248714227030,-215.43045558047400,684.001196926702,570.20712169694,834.8373756329090
original_gldm_GrayLevelVariance,72.99499075242640,85.35895699472060,143.70881894519200,43.53522436228190,37.54598123152860,39.75603633311590,96.602253622326,65.04703541370160,35.492053997293000,94.11889571096690,18.479907759803000,56.750524022766900,51.02425525602040,19.25215701208830,120.87006819438000,32.765887975678300,60.28783761667120,46.21757059041820,145.09208450637100,12.96043821074460,20.933721457540700,84.06812885930270,37.398464181795200,144.9304873952280,1.0931013081232600,60.84511289902700,48.34287321288430,65.24802116079140,85.07704665035740,29.690890668219600,91.0648798154536
original_gldm_HighGrayLevelEmphasis,691.5833286672610,715.546115444262,-33.175702188025900,762.8746931102010,508.60519950144900,757.4765724347030,575.1219438418280,139.91022698759600,927.3162088974890,642.129242654445,1022.3823189354200,1000.9587890667200,818.2223688439730,1104.03947475326,129.7664291754270,837.170330936703,727.0080318535000,664.3314974299510,898.1611547053450,1166.0498283487300,957.8838625082680,346.8494975796260,1098.4920839701500,593.9130910932300,1065.871727986180,1204.7946580009200,736.9570804351800,114.63036366134800,928.4395232135800,756.2673664237170,974.2030376243220
original_gldm_LargeDependenceEmphasis,22.485243810965100,7.439949566069190,13.11749776861450,26.24682471075700,25.725618411978400,23.221684558653800,24.470455372549800,9.32125188076701,20.863671256546300,21.612184151088300,19.948711502933400,12.058589084751500,25.074166164040000,23.14834356679940,34.88487256583240,27.21221589543580,27.47233846787680,27.302462620304800,12.879482681307200,22.686202190486900,35.789155619476700,20.085412255666700,14.23849476864500,16.9451017923529,24.126514314868500,18.954250506054900,23.202863808765100,20.258482112114900,14.529978422962800,27.583885681242100,13.362205357348800
original_gldm_LargeDependenceHighGrayLevelEmphasis,19501.645010337700,4312.386558168600,-3904.188823119630,27104.13296466840,23929.472570720500,17964.20664578540,20918.46215841640,-61.88971891170880,17221.168590607100,14718.739455052900,14137.951372351700,17335.192164581600,22055.38746553030,44253.885858874600,13628.552307351500,26463.223170681500,29661.715068894900,26076.52688002260,16766.36852840420,44250.09158428380,41744.30520902670,10644.315974080800,23100.54879287520,9981.616280216980,23573.997179406900,14695.608403285400,20592.609910220300,12048.625017164800,22261.02737886400,25551.98808482480,17585.79146274950
original_gldm_LargeDependenceLowGrayLevelEmphasis,0.15655094355840500,-0.010446914562813200,1.0254957116325600,0.21550346412847000,0.15168760344056500,0.4786503712365140,0.49934356013666000,0.1327887362580570,0.16273214961457500,0.8718495078965220,0.36827231434954500,-0.012167986942355700,0.6786602681361900,-0.007988553292296860,4.343639684986550,0.37798472304275000,0.153705662215476,0.378207209656396,0.8068570296951890,-0.014340727370208600,0.6649756449081090,0.3751661338393820,-0.00685437730272076,0.15950836286656700,0.16440329565546100,0.15193270040142200,0.15358735351547500,0.15260950084304000,0.20655947436431900,0.3829649289940220,0.7955750145518130
original_gldm_LowGrayLevelEmphasis,0.0416522842336214,0.03337660855572340,0.07727807820994360,0.044723294796271500,0.03782078821310850,0.04486387054819140,0.05315644686632140,0.04820566209770760,0.04087228844895280,0.07417869217548500,0.04108340631730890,0.029019479918457700,0.04870499288275290,0.027754872214758200,0.11899631328190700,0.042939883038448,0.04085593622107130,0.04273313585970850,0.062485413793984400,0.026857884239134800,0.04913198999930900,0.04577331305887410,0.029360808979782300,0.06761226208322980,0.03795001347665800,0.03899368380616390,0.04088735427719520,0.04300300710514180,0.03858844713728770,0.043161698352650800,0.043914120192887200
original_gldm_SmallDependenceEmphasis,0.3723087944402280,0.6112620014704170,0.6411913051285140,0.31855293212821000,0.31119113712184200,0.3497753811346720,0.4334169002908240,0.4757170705446790,0.3833696845745670,0.44523126138424000,0.40178887588496200,0.43961044677995300,0.32647874175297000,0.25342334052670000,0.3422607583539640,0.3167188385203080,0.33212316651852600,0.3527474701899930,0.4794499615498030,0.25629146902071800,0.19886746045465900,0.48894730809923300,0.35482718651255100,0.669978930535021,0.278197682670389,0.450364486140247,0.3407862982647690,0.49937114217201500,0.41939886700307000,0.29192056025226000,0.4356461425725100
original_gldm_SmallDependenceHighGrayLevelEmphasis,214.8420140244610,401.53449306954400,343.00611771971500,184.30211684812800,127.30321645563700,229.84925973833500,214.03390526789000,111.8035392239030,324.8944181327150,293.7744715019080,436.3910459263510,367.5937329642670,187.67775994004100,208.2925505773660,95.33915083611120,174.2980566215500,173.71210655662700,145.94434052612200,342.58935270947400,237.43277444748300,40.20988207594700,231.13154481152300,323.36685845048900,425.7860859510070,274.3791298077450,509.85693889606300,218.28636014583300,146.8185191552710,299.8970265056290,129.60792091036000,350.4888493542080
original_gldm_SmallDependenceLowGrayLevelEmphasis,0.020723516571368700,0.020329975356495200,0.0308132788568324,0.019276365738094200,0.01847113980986790,0.020940225377662300,0.02517150702773300,0.026080678565340700,0.02028477702323200,0.03203031604872500,0.019914125625876300,0.017449254854403900,0.02193512806608320,0.01650939189750890,0.023745641113399500,0.021126326426212400,0.020929837990887700,0.02090454969149700,0.024938642720424600,0.01613231636405210,0.02157410659154920,0.024308424098028700,0.017216875905229400,0.049328745263648600,0.018369185603760000,0.019330856491270600,0.020982380904749800,0.023795695419832500,0.019445076044006100,0.020842687798131100,0.019939717703567700
original_glrlm_GrayLevelNonUniformity,-143.6575100889400,-377.86797362470200,-487.5994346314150,21.651209110982300,-80.0457212166126,1926.9823849114700,-328.686046785371,-321.7096806921150,463.4758461104670,-27.06635493228410,-176.2280212801880,-65.10039457102680,2484.177688327050,7634.266324471210,203.09272985524600,295.2598387720680,-38.0467943280388,-231.8809144349270,-159.1297725314440,240.6841127205110,7320.515759262890,-558.1673046121580,2826.439950572150,-208.72572249121300,7586.423590081250,482.55593405201300,61.55445789374150,-195.81344849273700,577.7805376394150,479.6972139164740,738.2458226500560
original_glrlm_GrayLevelNonUniformityNormalized,0.06443811816601840,0.035053067986703600,0.01981657174635370,0.07344347249613420,0.06385753045269030,0.07033275573114160,0.04876867153077390,0.03672494665081630,0.07064124492057190,0.05949436917608200,0.07100537738300240,0.04909093245980650,0.06718682908161650,0.08900269047133840,0.044039515765178100,0.07910563760942780,0.0727158298182312,0.06797376093726910,0.037862730386352000,0.09250307531498730,0.11419000390867500,0.056331463808895300,0.06224132699240090,0.055362786486540600,0.09225207673546450,0.05941021998163300,0.07001028248715820,0.05246788378034880,0.052819555830444600,0.07443144090867490,0.04893492103289920
original_glrlm_GrayLevelVariance,77.04021555828770,85.97773701249210,143.62822894460500,45.49041858783880,38.764294606476,41.18394083770320,100.64155383544400,65.13326710033140,37.35172070897250,97.03651489718600,18.812881780202200,58.03423246915500,52.9161138546334,20.04495599410900,112.10026007887000,34.83173971567390,64.46072434076850,48.55699839485380,146.50701824709800,12.952827877562600,22.24990211415850,87.2311521422036,38.2061978661813,151.45307762444700,0.9832555635873280,63.906037244898800,51.11383933692420,67.22171632309290,87.32296372670530,31.35928745643150,90.86396928842900
original_glrlm_HighGrayLevelRunEmphasis,677.4854387045520,706.8572579456190,-26.08717510838340,744.909849985036,492.10825222341700,751.395415671612,554.004288250708,141.7470618192550,920.0140568796220,632.2217159268470,1019.7835986417500,986.5713871719940,808.6000521262970,1089.7296991594400,152.37878719307800,825.6136820091290,704.758518712915,645.0780177094870,882.9712241694960,1154.4698564830100,952.3643228082050,334.49875198828500,1085.7873654922800,581.8605108075400,1061.5735621934700,1201.576216724630,725.6736772163810,105.41354201069900,910.3970945582770,748.3044248862720,961.9758483004190
original_glrlm_LongRunEmphasis,1.4180877434503900,1.1333658406433300,1.2000040942831000,1.4906846646723000,1.481922127466680,1.4288423565418300,1.4263995146777400,1.184542890973380,1.3873592103425000,1.3803335037517400,1.3633116871170400,1.2367658686436800,1.4657613796419600,1.4569708498694900,1.566821276699960,1.503108317093660,1.505753241729980,1.4932167073262900,1.2394140868976600,1.4469336943940800,1.6741649360873200,1.3460044397941200,1.2888486571646100,1.2700219792228500,1.4644395396448800,1.3421026240093400,1.4358237487577300,1.3562025926591000,1.2791541575639800,1.5123085914928200,1.2531540448087900
original_glrlm_LongRunHighGrayLevelEmphasis,1030.09687377985,804.8177905175680,-210.18205178172000,1245.6799854727400,869.2678028822440,1092.7689387658700,891.1726184485130,-58.69562069959440,1288.6846343059100,881.1029737908860,1317.7611069943100,1408.7370962157400,1236.7410667354200,1947.7304236339600,263.6675270230280,1326.060676724320,1228.6555979254500,1100.5625265224100,1246.2628451233700,2038.0728929385700,1750.8329744386200,469.7620408304980,1648.4790249541300,689.8665816287960,1596.9681629557500,1575.3797513817900,1111.2351232918,160.65170138283500,1364.6118148974600,1223.2045404810600,1378.4061994509000
original_glrlm_LongRunLowGrayLevelEmphasis,0.043921068443979900,0.03161051865682090,0.09587304470402650,0.04882054647086040,0.04022456416802620,0.055261346612028100,0.06461011022106940,0.048014943647217300,0.043342259466683000,0.09182917566831460,0.04987941915580610,0.027736328282231200,0.06142123368335790,0.026744261083418000,0.22050105968024900,0.05205740450350960,0.04310954804881650,0.0518336946979846,0.07277399392476890,0.025714729573331400,0.06227049434783610,0.0548626618993408,0.02827787184261550,0.06663283371016180,0.04066237545656420,0.04126533847812460,0.04308613101993760,0.0448353398187379,0.040864692993067500,0.05240975758781020,0.053939738201968800
original_glrlm_LowGrayLevelRunEmphasis,0.04443345455753570,0.03462436030517360,0.07538891324532770,0.04686248496096090,0.040447005432208200,0.04530156134281450,0.053856902308959900,0.04885985511452620,0.043499751134681500,0.07393416062064970,0.04176673605239880,0.03024850810097380,0.04873683164581950,0.02899335219505130,0.09432833639469890,0.04373963412181440,0.04374032058382000,0.04350745668344080,0.05963871093535380,0.028059812445498600,0.04937866793930220,0.04669895483327210,0.030590261139029700,0.0718191176535905,0.04044146942059590,0.04163251169986320,0.04371233464690570,0.04594825325698860,0.038759614471135600,0.043939737062806900,0.041699730760503900
original_glrlm_RunEntropy,4.9028070181571800,5.222627630121990,5.729533813482320,4.685233012470120,4.761086107272700,4.671145754954340,5.25783751362604,5.1956872230863500,4.636012829911170,4.961475441847360,4.464221784496730,4.962122920904450,4.793501514760470,4.272286846810720,5.448834469671620,4.56179215562386,4.802298258496550,4.786040014496490,5.418113030947270,4.16241301690557,4.0802782288335600,4.924648637075510,4.6597156324436800,4.996150319415800,4.08483448747613,5.052547443483180,4.741274877932840,4.93962401040127,5.009256962869360,4.609532264076900,5.070813456253740
original_glrlm_RunLengthNonUniformity,-792.2893084620760,-6971.247804788710,-6295.832582766980,1616.0745713195300,352.72391928018800,34559.85062754980,-4445.1955278779500,-5101.441658877190,9281.4387083406,1029.1444488824100,-3143.854171700640,261.94521414006000,46169.99640646780,82098.24633159860,8929.877512737420,3571.4515062314900,700.2932653992180,-4118.161352771620,-19.783997138232700,-655.8954088164360,78550.57830899100,-9987.910152656700,49348.40979806900,-1952.2681804973600,95528.60477187770,12047.108817067000,2521.9139425074700,-1650.1740295450400,13254.22175762920,7328.7990010952300,19221.04176546480
original_glrlm_RunLengthNonUniformityNormalized,0.8401491335662110,0.9319851808104250,0.9409774990921620,0.8101909939158610,0.8152611231514400,0.8378159592633040,0.8458276354188790,0.9058790310444060,0.852640917667583,0.8597720899393040,0.8648505660907130,0.884526799703666,0.8248297358895210,0.8010397146429950,0.8098239159407080,0.8103947836096410,0.8059930485465460,0.8180960558480420,0.8864254331500230,0.804140775857786,0.74707291638398,0.8788362943328190,0.8605644584059870,0.9143926899268840,0.8167072722425440,0.8754692299578020,0.831725307379319,0.8765739686996480,0.8675921076199870,0.8045060447313250,0.8796510152240550
original_glrlm_RunPercentage,0.9027629305645880,0.959853193735,0.9612555130099530,0.8842131220227240,0.8869281710387450,0.900868018880033,0.9032765968721820,0.945506340257032,0.9103871517895370,0.9134048315277760,0.9172800292916670,0.93237220641293,0.8926342049534230,0.8809747559735640,0.8748893579954630,0.8832639376180410,0.8809863838292520,0.8866162429738670,0.9324610865163890,0.8830984966678880,0.8439060284087810,0.9232849438396000,0.9187392947104570,0.9440863187641680,0.8897378956728300,0.9230716903342900,0.8977729377060940,0.9210325958419160,0.9218836135372100,0.8804945649700420,0.9287753397260640
original_glrlm_RunVariance,0.16939407110749900,0.05367102995927920,0.09283990656553590,0.19729552588804000,0.19435442294153500,0.17526376835831500,0.1790896640434170,0.07194594492172360,0.15749818049645400,0.15873151486034800,0.15128154583987000,0.09288130458844330,0.18949851566137800,0.17699384754437200,0.2503864534430300,0.20452416539200500,0.20376510477086400,0.2028192015177650,0.0960046766265081,0.1727132770892040,0.2669741502789210,0.1483928910237440,0.11126008482419600,0.11728373879750200,0.18499247135566800,0.14196719804231900,0.17561251837119500,0.15130078195332500,0.10968144206822000,0.2062510470237870,0.10105687538799000
original_glrlm_ShortRunEmphasis,0.9300929053229130,0.9713143228788900,0.9737170147221760,0.9170252778067450,0.919081494505555,0.9292288000036990,0.9325885408110600,0.9606720757618230,0.9355740223474970,0.9389553918044200,0.9412699864328050,0.951594985234164,0.9231511780185930,0.9138974504514980,0.9162507960234870,0.9168690803843370,0.914998253274584,0.9201219535242410,0.9523362581133440,0.9153430798705090,0.8871502823332700,0.9470229747287980,0.9412867889011610,0.9611784821776610,0.9201055222295140,0.945220202374805,0.9264988159882850,0.9453592575342150,0.9442828444484400,0.9142334470036650,0.9495209363056070
original_glrlm_ShortRunHighGrayLevelEmphasis,623.4689787432920,684.3371941842720,14.84573970427570,667.8728791463370,441.0073620569610,697.5234293337750,504.0013804404200,165.86764252396300,857.6269160015140,594.9973445408260,974.4365945676570,917.0234603043550,740.0531817116610,964.6509612137350,149.02449878467300,745.5029622490190,626.22413831931,574.460520977951,823.0515023590390,1024.6512279302200,822.3785579499900,319.18647928723300,995.4516448536430,570.1259676043550,969.6831830166870,1133.1607521357500,665.7060010191200,114.58065105046800,837.8317887628640,671.2836579056860,893.3072315818930
original_glrlm_ShortRunLowGrayLevelEmphasis,0.04374262011490640,0.03493599500283670,0.07132594684795380,0.04553139401685930,0.03982017602689520,0.04344213219240350,0.051757499904979500,0.04837818430797990,0.04277081711497730,0.07037870866114500,0.04023443230169130,0.030528762699467300,0.0464489558294418,0.0292397253234981,0.07747787912589070,0.04216097218453380,0.04311287031996450,0.04192738950419180,0.05658703079160830,0.02834343449698240,0.04698905513497930,0.04515562695822470,0.030831263726495500,0.07149959230511660,0.03973331930881290,0.041011780669760100,0.0430818245176159,0.04537970404849800,0.03805205475217850,0.04233103995016840,0.039816696932178900
original_glszm_GrayLevelNonUniformity,-2.0616787099617400,-137.68216482686900,-122.61602032539900,31.81685349491850,16.040692814053100,622.2132610981540,-106.94223255587600,-101.2967954033310,164.10929122003000,3.2499072818442600,-21.726742792734800,-0.44496851454337600,733.3369626683250,1312.4620881273200,115.72622020235800,46.169402651336400,15.454541689662400,-92.46843447182700,-36.83850794265610,-21.158325461855600,1386.9448737040400,-185.26101213045000,931.1506453155570,-16.415016708460200,1694.2737665171900,202.00728994627400,45.99724375422740,-11.746283786238000,192.29382177723700,95.15950798364010,316.8526307839600
original_glszm_GrayLevelNonUniformityNormalized,0.042429730930729200,0.03967764073366710,0.029916733113915500,0.04865599242008160,0.04982280069178130,0.05177545233379040,0.03344981736963060,0.04068990696983490,0.05194598138176730,0.04094399463383710,0.06190535286356640,0.0425038515485557,0.04706575026320590,0.060326701174397200,0.039854289897374600,0.05264694439889140,0.0427828993040423,0.044070785161825500,0.03152389259976030,0.06712193499243550,0.07364485117926900,0.04149696654478870,0.05080591753435380,0.042073773609443700,0.06684255027173140,0.04630810359758090,0.04818384622907650,0.045319350196148800,0.0384415286045198,0.052245836635818700,0.03934269513642050
original_glszm_GrayLevelVariance,103.4056770596330,71.67936409166950,127.24269492434400,57.54911365348910,37.354354951223800,53.09069077437570,124.9100936051910,54.73269379726970,59.41411775490060,130.0653117789700,7.566943499659810,65.1098295014749,76.07045386718990,50.91491702885650,90.63618667193730,54.99842116005210,89.60916325873080,55.724564554610000,154.22651342289600,31.213712974087100,53.92471036976690,104.82991921125900,56.06133158459900,176.0967171613390,12.200630857745600,91.64676073055360,75.44561347940970,64.8471023557617,101.72013670583700,48.855628257604500,107.16192952212000
original_glszm_HighGrayLevelZoneEmphasis,553.577626741568,648.3023336864300,115.04391240886700,577.3236490061470,389.2578439145690,726.4161512767430,366.21052051080700,130.6927226978010,881.376599186661,543.1550069143040,1088.287076034620,889.1711494911240,718.5050313384400,953.451887039882,213.0349136304650,705.8663381211720,506.67527299611200,449.3902958621150,729.200433292393,1096.9914806308700,890.2244515579110,241.80966605192800,1014.0833406044400,542.4838148169330,1059.4602723168900,1224.9321037655300,641.3763749503090,105.57207331107900,735.6867617752150,684.1674517145130,847.2571811083440
original_glszm_LargeAreaEmphasis,1587.26838820214,-1382.0739708290200,-1435.6025442694000,1850.528408169610,1660.3205984116300,-575.1906185545490,-1176.7765401802000,-1379.7573845094200,1576.952398093900,-1324.6802032771100,-1417.3690298513500,-1304.783542394400,-472.45812903150700,29945.050014234800,1772.4242648340500,26.5386477228094,1771.9819486265000,-884.4472277809590,-1279.498735987870,584.5434669510170,28992.99187326500,-1412.4238444235000,-694.0249690850780,1554.489902176700,1666.5582402670600,1564.942695483140,1649.9164181699700,1568.3936906793300,-748.1312750417660,-667.2291202671100,-1092.8490445080100
original_glszm_LargeAreaHighGrayLevelEmphasis,2098482.342831170,-1809279.9400046900,-2230136.5246534100,2616951.7473366000,2236510.752657360,-981366.3389622790,-1845306.6031986300,-1810223.5900930400,2080778.2058545800,-2070956.6312044200,-2200559.6467681600,-1693473.2890560000,-808954.9557823420,45121043.28376210,2133408.755415840,-42866.92034206350,2446355.9787924900,-1410268.109752140,-1649436.977796890,1183775.7888729700,42925137.36963240,-2197732.5043097000,-774597.9905512740,2038420.6371611100,2245965.674234180,2059136.819483090,2211048.1277153600,2058033.4204010300,-841909.5679804630,-1099003.6425272800,-1370045.3746616400
original_glszm_LargeAreaLowGrayLevelEmphasis,-0.9908273018698660,-2.2171370418310700,1.6683782213744800,-0.8899620852878010,-0.9807700042614800,2.3865044047026900,1.6066372466304700,-2.145892823368310,-0.9891290049911930,1.6536306127017500,1.1818692111529200,-2.1840744939180400,2.9698317251092000,11.977991936682700,66.83078379889100,2.940110833672400,-0.9522625887323310,1.8389751983481400,-1.1211919562835,-1.3460553024456900,38.70155039167380,1.2001250742163600,-1.902961855013150,-0.9875522654930890,-0.9637246538564930,-1.000445056917180,-0.9771375241612650,-0.9972804474613010,-1.3030485360445000,2.122078176627530,-1.062833597461370
original_glszm_LowGrayLevelZoneEmphasis,0.05021800880866910,0.038435813673303700,0.0629297316939546,0.04826555846422640,0.04503027845163400,0.047376603426564200,0.05730857836948280,0.05250854331794930,0.04853467180985120,0.0758785861443815,0.044134637889015000,0.03460273514765570,0.0508141739479036,0.03431483205698240,0.055591286102150400,0.048394239007635800,0.05093531545733490,0.047319424001727300,0.05141814968156770,0.03244252207006020,0.053967644856690400,0.052796248970985200,0.03527887348971690,0.08639859047373240,0.044745816965748700,0.04609278189724140,0.050340386951827600,0.053192642944887400,0.03952565614132510,0.04800003473358280,0.04079832439657440
original_glszm_SizeZoneNonUniformity,80.91763696043250,-1772.3592861299700,-899.0205743773410,662.3950735829630,297.10560905138000,9075.346218240420,-686.2581535114110,-1255.0441921572600,2781.9007503651300,1266.7069486111700,-722.0585115189920,450.1482001091650,11222.72681604380,14052.257602827100,2581.782582618570,866.6883868543910,483.4843886746350,-967.5255935582970,833.5616405418200,-816.5689335091600,13695.146953151200,-2649.556426446280,11329.54960643110,-199.71650582832500,19643.71536538680,4082.5424679337300,878.8089942275020,-111.8279856883600,4768.646073370340,1363.622794846200,6655.5057222478500
original_glszm_SizeZoneNonUniformityNormalized,0.4938622005175810,0.5774656545924940,0.5694641022630900,0.49667085270644800,0.4517471084369930,0.45942512074066800,0.5661047062636990,0.44671462455156300,0.48005618836007000,0.5636234285833500,0.44736656402208500,0.5015597216321130,0.4318741486881560,0.48042269279927100,0.4687324465534380,0.5041002617596660,0.5206316621271620,0.5192372855551580,0.5651644818410410,0.44773149463867400,0.4471342061904960,0.5702645068367050,0.4470007137983410,0.667340710193528,0.43112878843485700,0.5048953674790500,0.4739837452506610,0.5623869543404130,0.5472466385159180,0.46062780362352400,0.5229693430542620
original_glszm_SmallAreaEmphasis,0.7292835513310100,0.7873481253523770,0.7823255790113360,0.7313161026952250,0.6957710751195360,0.7034256178220480,0.7791667444708380,0.693290297073538,0.7186336058418110,0.7767607869692520,0.6942785779302720,0.734687972636973,0.6823221735265830,0.7192110708739210,0.7097416451141680,0.7360722964370300,0.7494227497713960,0.7471219353509310,0.7786129615412250,0.6946114003052480,0.6940826762517790,0.7819043263824210,0.6939820033043660,0.8450699912976390,0.6788629856094550,0.7378654883788260,0.7138509337418190,0.7794946253232830,0.7665831217414430,0.7041800153396750,0.7497491665343530
original_glszm_SmallAreaHighGrayLevelEmphasis,372.126601710998,496.8512396133770,150.36993997258100,401.28929199776900,234.81706359283000,498.87941268028000,294.0582780465610,81.61800592098040,617.6595673894320,440.2378260074870,781.1112618905910,640.9856700210200,417.6136280570460,659.9230219311990,138.33319416978300,516.7814023347250,366.4335476795510,327.15163779037300,546.3639107021130,748.4726478001750,592.3323348765730,206.3523093476430,689.8139613228070,528.250481592167,689.0371189594290,939.1814752118790,432.1668572314080,121.00008858471900,543.9939622585590,451.39311806597500,622.1442824443430
original_glszm_SmallAreaLowGrayLevelEmphasis,0.03504133573124780,0.027849709296092900,0.04474478035187240,0.03217217540575140,0.031136764759577400,0.03416276002115240,0.041450318927205500,0.03763648355702630,0.03416063286391490,0.05369173552178000,0.03190025029868630,0.025260127719883500,0.03637390307612120,0.025151765103617700,0.038484235504308000,0.035517296307271200,0.03625582048555570,0.034483549752300700,0.03522739478083190,0.023848113587711600,0.03785348316964730,0.040295514135761700,0.025439471501910800,0.07235923686864190,0.031178231725073300,0.03207483008725720,0.03602665517711350,0.03932765383425940,0.028858474602244600,0.03469371111669730,0.02937385047430620
original_glszm_ZoneEntropy,6.171592340199290,5.5590445176266100,6.256905864930050,6.031971465685360,6.0640738078777700,6.155565124964110,6.246799760018250,6.2799811474003,6.1317095106268400,6.093696297113620,5.704176135250580,6.161443685500200,6.504318830384470,5.933298696730180,6.583039008712690,5.889903847033360,6.058391517451330,5.879821121851890,6.3996888482120600,5.793260989003270,5.735716257374420,5.401597397221330,6.330458202185360,5.069204502221150,5.9895767803774700,6.353458384798770,6.2536391744508700,5.444135993551140,6.1944749852948000,6.153553602240260,6.351231431299960
original_glszm_ZonePercentage,0.4203948203381770,0.6998797337464990,0.7467321470368780,0.34493526959914500,0.3610555865023960,0.3950033710810690,0.48212862642678600,0.5656405300838100,0.43971876935821000,0.49397221404296600,0.47057319335312100,0.4969216151475560,0.378006775220851,0.2624784737774750,0.39713180483912600,0.3432093744421290,0.35648187492511400,0.39109664243693100,0.5355376479057320,0.27150035085516300,0.20653367832575,0.5428150404704990,0.39523294478425100,0.7364388827190230,0.3085702711723370,0.5214065415034760,0.38369037792082300,0.5635821880603760,0.4612115553066750,0.3191245353486780,0.4853499554061210
original_glszm_ZoneVariance,1577.7609021017300,-1384.42764256185,-1440.0886169825400,1839.2148584463500,1649.4463004974300,-583.2607540654760,-1183.2452520685000,-1382.9598312035100,1567.8192593116700,-1330.9328033539400,-1423.8406628204700,-1308.7647699288900,-480.9083759811190,29915.113808650700,1762.4236151013400,17.040680821307200,1760.9865110745400,-892.4157344815000,-1283.0422156766200,571.3099857736460,28961.755870620100,-1418.1480231577200,-700.2704529968750,1548.7043737565900,1654.1177872903600,1557.106030374620,1639.6065698972500,1561.0847863358900,-752.940798593258,-676.9743314922920,-1097.1023427777300
original_ngtdm_Busyness,0.26825825716671400,-0.16179785726537100,-0.01570514485136270,0.430195997691339,0.36872023974264200,2.555354282960800,-0.022552611000318000,0.13658741070261400,0.9146835757771610,0.5334994337604130,0.02752691038816310,0.23726088702825700,2.8989888334597400,4.961722071404770,1.1110177634257100,0.5785396545420300,0.37079303442630700,0.04786079168140990,0.29441929754592700,0.1590958066858030,4.223959676537910,-0.4021881497073120,2.507335628927430,0.1887313566058600,5.503411164711130,0.6837525508081930,0.48451787309723800,0.22843550903189000,1.1375699439225200,0.8194204062559590,1.2544171341294700
original_ngtdm_Coarseness,0.008695661763009340,0.018951635810433900,0.009486381822547450,0.0063704231927681400,0.007228856130345480,0.007875886592228330,0.008745210027924880,0.0092494361645879,0.005443508630098110,0.008184003997088930,0.008504956809318660,0.006682567171421300,0.007860091853696120,0.006014787556654450,0.005606407558145930,0.008137083691090420,0.006680919789923600,0.008636413413135450,0.006721175657775270,0.0066891912424708100,0.0078111814468700100,0.020090649207484200,0.006057079095570810,0.029624425435270700,0.00511326035639164,0.005402396156582080,0.006074345192658120,0.015258884448765600,0.0062061514306139100,0.008072976830400080,0.006162423236123750
original_ngtdm_Complexity,3051.4436492232600,5294.163567414410,4585.929909010230,2368.8172637180400,1738.6870941066900,5209.050819139700,4974.389439804820,2030.9521409481400,4536.696704411860,5534.299039801270,3726.330146074250,5137.318449132570,4220.875890240630,2356.565668574670,2636.989023211630,1299.7977156181200,3023.954730374070,975.2339810201160,6876.653495481740,1791.1373627875400,7758.962188499210,874.2507742250890,5059.419124726720,4729.812632865190,4416.278451624790,12247.588982255400,3178.3155618161700,2307.6217420972300,5090.223896743620,907.4626899207680,7195.261844877910
original_ngtdm_Contrast,0.3410806218919920,0.530670290719899,0.8185077620486490,0.19700381843943900,0.19391511818324200,0.17321603885539300,0.435293100195056,0.36291558900157200,0.16910789504664000,0.5140436754384410,0.12304027759727000,0.2733317576557510,0.18661027121119100,0.11414226053210700,0.4647454209911290,0.17491982735166200,0.25990423236175400,0.24649183039348600,0.7111849458766010,0.09604586614973600,0.06534200373007350,0.57249611179085,0.1588993997674740,1.0609081855076200,0.0173250198484724,0.08880419364594620,0.20108624957501300,0.513354097683902,0.39199261199401100,0.15784089619094400,0.36087970665900500
original_ngtdm_Strength,4.602312487720280,12.603539913088200,4.283086819909110,2.206048528905960,2.62550844031401,2.779556509291800,4.0035511259190000,3.399169069034200,1.1683143916485300,3.1575645380015500,4.100922508357480,1.6443155102037700,2.6866962921666500,0.7139869310016300,1.169090446798480,3.215713801134130,2.6003036110041100,3.878732172142010,1.583112031526510,2.42760738472564,2.8044483607822500,17.300861163777900,0.7876824754612080,24.447212662745,0.7567973095708880,1.7647000570956200,1.9300793121371700,7.3158364435981100,0.9616644302405990,3.0652539529789800,0.9349557812510560
volume(cc),-0.1118483903114120,-4.837211071807620,-3.615914437992530,1.3549466324007800,0.392549985488011,33.38249950083650,-1.613403659515620,-3.8988438589818100,10.085088831118300,3.726600975111680,-1.1550657460475600,0.7154079947728600,21.500847956220800,55.347437986676600,9.395557931578410,5.634380300683700,1.0146604844120400,-1.3739145850181100,-0.27852085737404600,-1.7852528296864200,56.41833716959520,-4.902578123078240,21.849385325424900,-0.7283788292335590,65.24963670098580,11.454669350761000,2.560035483743110,-0.5015358132596730,24.71723332730280,10.962061529181000,19.51263692885880