0,1Test,2Test,3Test,4Test,5Test,6Test,7Test,8Test,9Test,10Test,11Test,12Test,13Test,14Test,15Test,16Test,17Test,18Test,19Test,20Test,21Test,22Test,23Test,24Test
diagnostics_Versions_PyRadiomics,v3.0.1,v3.0.1,v3.0.1,v3.0.1,v3.0.1,v3.0.1,v3.0.1,v3.0.1,v3.0.1,v3.0.1,v3.0.1,v3.0.1,v3.0.1,v3.0.1,v3.0.1,v3.0.1,v3.0.1,v3.0.1,v3.0.1,v3.0.1,v3.0.1,v3.0.1,v3.0.1,v3.0.1
diagnostics_Versions_Numpy,1.19.5,1.19.5,1.19.5,1.19.5,1.19.5,1.19.5,1.19.5,1.19.5,1.19.5,1.19.5,1.19.5,1.19.5,1.19.5,1.19.5,1.19.5,1.19.5,1.19.5,1.19.5,1.19.5,1.19.5,1.19.5,1.19.5,1.19.5,1.19.5
diagnostics_Versions_SimpleITK,2.1.1.2,2.1.1.2,2.1.1.2,2.1.1.2,2.1.1.2,2.1.1.2,2.1.1.2,2.1.1.2,2.1.1.2,2.1.1.2,2.1.1.2,2.1.1.2,2.1.1.2,2.1.1.2,2.1.1.2,2.1.1.2,2.1.1.2,2.1.1.2,2.1.1.2,2.1.1.2,2.1.1.2,2.1.1.2,2.1.1.2,2.1.1.2
diagnostics_Versions_PyWavelet,1.1.1,1.1.1,1.1.1,1.1.1,1.1.1,1.1.1,1.1.1,1.1.1,1.1.1,1.1.1,1.1.1,1.1.1,1.1.1,1.1.1,1.1.1,1.1.1,1.1.1,1.1.1,1.1.1,1.1.1,1.1.1,1.1.1,1.1.1,1.1.1
diagnostics_Versions_Python,3.6.6,3.6.6,3.6.6,3.6.6,3.6.6,3.6.6,3.6.6,3.6.6,3.6.6,3.6.6,3.6.6,3.6.6,3.6.6,3.6.6,3.6.6,3.6.6,3.6.6,3.6.6,3.6.6,3.6.6,3.6.6,3.6.6,3.6.6,3.6.6
diagnostics_Configuration_Settings,"{'minimumROIDimensions': 2, 'minimumROISize': None, 'normalize': False, 'normalizeScale': 1, 'removeOutliers': None, 'resampledPixelSpacing': None, 'interpolator': 'sitkBSpline', 'preCrop': False, 'padDistance': 5, 'distances': [1], 'force2D': False, 'force2Ddimension': 0, 'resegmentRange': None, 'label': 1, 'additionalInfo': True}","{'minimumROIDimensions': 2, 'minimumROISize': None, 'normalize': False, 'normalizeScale': 1, 'removeOutliers': None, 'resampledPixelSpacing': None, 'interpolator': 'sitkBSpline', 'preCrop': False, 'padDistance': 5, 'distances': [1], 'force2D': False, 'force2Ddimension': 0, 'resegmentRange': None, 'label': 1, 'additionalInfo': True}","{'minimumROIDimensions': 2, 'minimumROISize': None, 'normalize': False, 'normalizeScale': 1, 'removeOutliers': None, 'resampledPixelSpacing': None, 'interpolator': 'sitkBSpline', 'preCrop': False, 'padDistance': 5, 'distances': [1], 'force2D': False, 'force2Ddimension': 0, 'resegmentRange': None, 'label': 1, 'additionalInfo': True}","{'minimumROIDimensions': 2, 'minimumROISize': None, 'normalize': False, 'normalizeScale': 1, 'removeOutliers': None, 'resampledPixelSpacing': None, 'interpolator': 'sitkBSpline', 'preCrop': False, 'padDistance': 5, 'distances': [1], 'force2D': False, 'force2Ddimension': 0, 'resegmentRange': None, 'label': 1, 'additionalInfo': True}","{'minimumROIDimensions': 2, 'minimumROISize': None, 'normalize': False, 'normalizeScale': 1, 'removeOutliers': None, 'resampledPixelSpacing': None, 'interpolator': 'sitkBSpline', 'preCrop': False, 'padDistance': 5, 'distances': [1], 'force2D': False, 'force2Ddimension': 0, 'resegmentRange': None, 'label': 1, 'additionalInfo': True}","{'minimumROIDimensions': 2, 'minimumROISize': None, 'normalize': False, 'normalizeScale': 1, 'removeOutliers': None, 'resampledPixelSpacing': None, 'interpolator': 'sitkBSpline', 'preCrop': False, 'padDistance': 5, 'distances': [1], 'force2D': False, 'force2Ddimension': 0, 'resegmentRange': None, 'label': 1, 'additionalInfo': True}","{'minimumROIDimensions': 2, 'minimumROISize': None, 'normalize': False, 'normalizeScale': 1, 'removeOutliers': None, 'resampledPixelSpacing': None, 'interpolator': 'sitkBSpline', 'preCrop': False, 'padDistance': 5, 'distances': [1], 'force2D': False, 'force2Ddimension': 0, 'resegmentRange': None, 'label': 1, 'additionalInfo': True}","{'minimumROIDimensions': 2, 'minimumROISize': None, 'normalize': False, 'normalizeScale': 1, 'removeOutliers': None, 'resampledPixelSpacing': None, 'interpolator': 'sitkBSpline', 'preCrop': False, 'padDistance': 5, 'distances': [1], 'force2D': False, 'force2Ddimension': 0, 'resegmentRange': None, 'label': 1, 'additionalInfo': True}","{'minimumROIDimensions': 2, 'minimumROISize': None, 'normalize': False, 'normalizeScale': 1, 'removeOutliers': None, 'resampledPixelSpacing': None, 'interpolator': 'sitkBSpline', 'preCrop': False, 'padDistance': 5, 'distances': [1], 'force2D': False, 'force2Ddimension': 0, 'resegmentRange': None, 'label': 1, 'additionalInfo': True}","{'minimumROIDimensions': 2, 'minimumROISize': None, 'normalize': False, 'normalizeScale': 1, 'removeOutliers': None, 'resampledPixelSpacing': None, 'interpolator': 'sitkBSpline', 'preCrop': False, 'padDistance': 5, 'distances': [1], 'force2D': False, 'force2Ddimension': 0, 'resegmentRange': None, 'label': 1, 'additionalInfo': True}","{'minimumROIDimensions': 2, 'minimumROISize': None, 'normalize': False, 'normalizeScale': 1, 'removeOutliers': None, 'resampledPixelSpacing': None, 'interpolator': 'sitkBSpline', 'preCrop': False, 'padDistance': 5, 'distances': [1], 'force2D': False, 'force2Ddimension': 0, 'resegmentRange': None, 'label': 1, 'additionalInfo': True}","{'minimumROIDimensions': 2, 'minimumROISize': None, 'normalize': False, 'normalizeScale': 1, 'removeOutliers': None, 'resampledPixelSpacing': None, 'interpolator': 'sitkBSpline', 'preCrop': False, 'padDistance': 5, 'distances': [1], 'force2D': False, 'force2Ddimension': 0, 'resegmentRange': None, 'label': 1, 'additionalInfo': True}","{'minimumROIDimensions': 2, 'minimumROISize': None, 'normalize': False, 'normalizeScale': 1, 'removeOutliers': None, 'resampledPixelSpacing': None, 'interpolator': 'sitkBSpline', 'preCrop': False, 'padDistance': 5, 'distances': [1], 'force2D': False, 'force2Ddimension': 0, 'resegmentRange': None, 'label': 1, 'additionalInfo': True}","{'minimumROIDimensions': 2, 'minimumROISize': None, 'normalize': False, 'normalizeScale': 1, 'removeOutliers': None, 'resampledPixelSpacing': None, 'interpolator': 'sitkBSpline', 'preCrop': False, 'padDistance': 5, 'distances': [1], 'force2D': False, 'force2Ddimension': 0, 'resegmentRange': None, 'label': 1, 'additionalInfo': True}","{'minimumROIDimensions': 2, 'minimumROISize': None, 'normalize': False, 'normalizeScale': 1, 'removeOutliers': None, 'resampledPixelSpacing': None, 'interpolator': 'sitkBSpline', 'preCrop': False, 'padDistance': 5, 'distances': [1], 'force2D': False, 'force2Ddimension': 0, 'resegmentRange': None, 'label': 1, 'additionalInfo': True}","{'minimumROIDimensions': 2, 'minimumROISize': None, 'normalize': False, 'normalizeScale': 1, 'removeOutliers': None, 'resampledPixelSpacing': None, 'interpolator': 'sitkBSpline', 'preCrop': False, 'padDistance': 5, 'distances': [1], 'force2D': False, 'force2Ddimension': 0, 'resegmentRange': None, 'label': 1, 'additionalInfo': True}","{'minimumROIDimensions': 2, 'minimumROISize': None, 'normalize': False, 'normalizeScale': 1, 'removeOutliers': None, 'resampledPixelSpacing': None, 'interpolator': 'sitkBSpline', 'preCrop': False, 'padDistance': 5, 'distances': [1], 'force2D': False, 'force2Ddimension': 0, 'resegmentRange': None, 'label': 1, 'additionalInfo': True}","{'minimumROIDimensions': 2, 'minimumROISize': None, 'normalize': False, 'normalizeScale': 1, 'removeOutliers': None, 'resampledPixelSpacing': None, 'interpolator': 'sitkBSpline', 'preCrop': False, 'padDistance': 5, 'distances': [1], 'force2D': False, 'force2Ddimension': 0, 'resegmentRange': None, 'label': 1, 'additionalInfo': True}","{'minimumROIDimensions': 2, 'minimumROISize': None, 'normalize': False, 'normalizeScale': 1, 'removeOutliers': None, 'resampledPixelSpacing': None, 'interpolator': 'sitkBSpline', 'preCrop': False, 'padDistance': 5, 'distances': [1], 'force2D': False, 'force2Ddimension': 0, 'resegmentRange': None, 'label': 1, 'additionalInfo': True}","{'minimumROIDimensions': 2, 'minimumROISize': None, 'normalize': False, 'normalizeScale': 1, 'removeOutliers': None, 'resampledPixelSpacing': None, 'interpolator': 'sitkBSpline', 'preCrop': False, 'padDistance': 5, 'distances': [1], 'force2D': False, 'force2Ddimension': 0, 'resegmentRange': None, 'label': 1, 'additionalInfo': True}","{'minimumROIDimensions': 2, 'minimumROISize': None, 'normalize': False, 'normalizeScale': 1, 'removeOutliers': None, 'resampledPixelSpacing': None, 'interpolator': 'sitkBSpline', 'preCrop': False, 'padDistance': 5, 'distances': [1], 'force2D': False, 'force2Ddimension': 0, 'resegmentRange': None, 'label': 1, 'additionalInfo': True}","{'minimumROIDimensions': 2, 'minimumROISize': None, 'normalize': False, 'normalizeScale': 1, 'removeOutliers': None, 'resampledPixelSpacing': None, 'interpolator': 'sitkBSpline', 'preCrop': False, 'padDistance': 5, 'distances': [1], 'force2D': False, 'force2Ddimension': 0, 'resegmentRange': None, 'label': 1, 'additionalInfo': True}","{'minimumROIDimensions': 2, 'minimumROISize': None, 'normalize': False, 'normalizeScale': 1, 'removeOutliers': None, 'resampledPixelSpacing': None, 'interpolator': 'sitkBSpline', 'preCrop': False, 'padDistance': 5, 'distances': [1], 'force2D': False, 'force2Ddimension': 0, 'resegmentRange': None, 'label': 1, 'additionalInfo': True}","{'minimumROIDimensions': 2, 'minimumROISize': None, 'normalize': False, 'normalizeScale': 1, 'removeOutliers': None, 'resampledPixelSpacing': None, 'interpolator': 'sitkBSpline', 'preCrop': False, 'padDistance': 5, 'distances': [1], 'force2D': False, 'force2Ddimension': 0, 'resegmentRange': None, 'label': 1, 'additionalInfo': True}"
diagnostics_Configuration_EnabledImageTypes,{'Original': {}},{'Original': {}},{'Original': {}},{'Original': {}},{'Original': {}},{'Original': {}},{'Original': {}},{'Original': {}},{'Original': {}},{'Original': {}},{'Original': {}},{'Original': {}},{'Original': {}},{'Original': {}},{'Original': {}},{'Original': {}},{'Original': {}},{'Original': {}},{'Original': {}},{'Original': {}},{'Original': {}},{'Original': {}},{'Original': {}},{'Original': {}}
diagnostics_Image-original_Hash,02bf3d79a4b33b38c644d683782f7cb1e0697744,b2810899f384004149511b2e9d03eab32cbbc871,c72cce500017c3b36a6fc40baf08e886f51a5b4b,aa74a28d90b14d5ada027eae6496d5922e3756ab,583e883ac939437d32c5140495db1ce2bd51f442,ea0cd200253bc1b33f47c5e048f7b14ba300e196,f7b4f99ad0b9b89a4e2677cd0f638c08295a421a,51d240f12907432302690cd72bd070b670252822,4fbc05f872e8aa7143c9984396d589a43482d8b9,f2c991031521da3565e191d0ac021ba7f519d0fb,2e5270e23979ffef57c84c48f7de9026020d5c9d,25b4e5ea122fe3c0b9d71938caf7dfaaaca4ef92,63d42cfd398422a5810903c40e9deb83b4172db2,2d0ae089002bd6e1136a0e94407beb822c6f9404,7e71a187b2d9b4af73997f5b679a82072463b42a,f25d61f6615dc9884589c71458b450db42ac8c73,6c5f1a5e21f58f52af2548f3b8624c3e17822c3a,c89b6e23404f1aac9e5b97ad114cd9bf3f065b9f,6592faf137f70c5b4c88c6c76d169244d1d020d9,d8f1fc56776657d22ac144e19c2a6086703d0013,5f63a8db711f1d9843a280d42238b34bf6609828,14f6224b8cb199cc942f87514b3429e02cd7cdcf,14f6224b8cb199cc942f87514b3429e02cd7cdcf,5948e87b8d2da1ffa94337d0de175f1afe3431b5
diagnostics_Image-original_Dimensionality,3D,3D,3D,3D,3D,3D,3D,3D,3D,3D,3D,3D,3D,3D,3D,3D,3D,3D,3D,3D,3D,3D,3D,3D
diagnostics_Image-original_Spacing,"(1.0, 1.0, 1.0)","(1.0, 1.0, 1.0)","(1.0, 1.0, 1.0)","(1.0, 1.0, 1.0)","(1.0, 1.0, 1.0)","(1.0, 1.0, 1.0)","(1.0, 1.0, 1.0)","(1.0, 1.0, 1.0)","(1.0, 1.0, 1.0)","(1.0, 1.0, 1.0)","(1.0, 1.0, 1.0)","(1.0, 1.0, 1.0)","(1.0, 1.0, 1.0)","(1.0, 1.0, 1.0)","(1.0, 1.0, 1.0)","(1.0, 1.0, 1.0)","(1.0, 1.0, 1.0)","(1.0, 1.0, 1.0)","(1.0, 1.0, 1.0)","(1.0, 1.0, 1.0)","(1.0, 1.0, 1.0)","(1.0, 1.0, 1.0)","(1.0, 1.0, 1.0)","(1.0, 1.0, 1.0)"
diagnostics_Image-original_Size,"(512, 512, 236)","(512, 512, 237)","(512, 512, 265)","(512, 512, 249)","(512, 512, 253)","(512, 512, 253)","(512, 512, 261)","(512, 512, 261)","(512, 512, 253)","(512, 512, 225)","(512, 512, 225)","(512, 512, 189)","(512, 512, 193)","(512, 512, 213)","(512, 512, 249)","(512, 512, 245)","(512, 512, 225)","(512, 512, 281)","(512, 512, 249)","(512, 512, 253)","(512, 512, 217)","(512, 512, 221)","(512, 512, 221)","(512, 512, 213)"
diagnostics_Image-original_Mean,-877.6823636879355,-921.0710709004462,-1019.342789545599,-998.931604393036,-1119.914362096975,-1034.0711579303968,-1023.7465162459918,-1018.3175997386948,-866.5578390882891,-1015.3250833977594,-875.4836260986328,-867.4460737642157,-850.533154581495,-869.4543753431436,-966.7103192432817,-925.9530125053561,-890.1061603969998,-947.1501806130188,-1060.5923824693305,-1075.6429939119241,-793.5866659665437,-849.2764298624583,-849.2764298624583,-991.6654224127111
diagnostics_Image-original_Minimum,-3024.0,-3024.0,-3024.0,-3024.0,-3024.0,-3024.0,-3024.0,-3024.0,-3024.0,-3024.0,-3024.0,-3024.0,-3024.0,-3024.0,-3024.0,-3024.0,-3024.0,-3024.0,-3024.0,-3024.0,-3024.0,-3024.0,-3024.0,-3024.0
diagnostics_Image-original_Maximum,3071.0,3071.0,2931.0,3071.0,2148.0,3071.0,3071.0,3071.0,3071.0,3071.0,3071.0,3071.0,3071.0,3071.0,3071.0,2912.0,3071.0,2971.0,3027.0,3071.0,3071.0,2628.0,2628.0,3071.0
diagnostics_Mask-original_Hash,3f64f4af6f5c1fdf926ab04c20895c6075c106e3,1cb0b6d0e98be005b1feacb05b3ab6bbc9696bda,7a76bdb5bf1150d656ca0d37c25c4b54372b8dd1,c509af5755a1db30b6f118dd5b759c9717ee72f7,4fb78309504a3d9c3ef69b30c88c4d749bd77590,7b2ab7ef92ff723f5df8d06ae28bc36c93cc9c6c,e60e2b200e81462a29a6f0d1cd8907ec131a2233,1535a050074ff9f1471ce09b831b6689a8b64f2e,2028dfee5830c694d002ce6e812766ad070d4942,572ff3abccb6cf74cf207000ef9ab4f76beab133,8ec0fa7dc025bbf39c022e3d1f3639be9dd995a3,44d3cb0d9fbc84c3269427b64a57d676d70e433c,afc962a673a91a72af8943020dcaf807c75e0c71,2be827b595985430ec1a4743e4069bc2d9a19fa4,b712cd815d60af8389cee082de7f52acb8be465e,f59a85c4634bed0761f60a43aadf2cbc42497c79,cbd65a9bdefc1abde44d6b864ec519f04c456b06,eaad3f248b6b8cde14946e4577814c668d3358f9,35431c0b9556b4a824f475bdf0afd1fcf0547248,3fe583a0d0f38ed131287cab88c91e6f83cc7d92,2de28c9526bb22d1c2e1bc4d6c3359081900341b,1830b1f7e33c11424ef92903eda46021943f1999,1830b1f7e33c11424ef92903eda46021943f1999,3e47ea67c3771718c48279753e12847aebc5d8f9
diagnostics_Mask-original_Spacing,"(1.0, 1.0, 1.0)","(1.0, 1.0, 1.0)","(1.0, 1.0, 1.0)","(1.0, 1.0, 1.0)","(1.0, 1.0, 1.0)","(1.0, 1.0, 1.0)","(1.0, 1.0, 1.0)","(1.0, 1.0, 1.0)","(1.0, 1.0, 1.0)","(1.0, 1.0, 1.0)","(1.0, 1.0, 1.0)","(1.0, 1.0, 1.0)","(1.0, 1.0, 1.0)","(1.0, 1.0, 1.0)","(1.0, 1.0, 1.0)","(1.0, 1.0, 1.0)","(1.0, 1.0, 1.0)","(1.0, 1.0, 1.0)","(1.0, 1.0, 1.0)","(1.0, 1.0, 1.0)","(1.0, 1.0, 1.0)","(1.0, 1.0, 1.0)","(1.0, 1.0, 1.0)","(1.0, 1.0, 1.0)"
diagnostics_Mask-original_Size,"(512, 512, 236)","(512, 512, 237)","(512, 512, 265)","(512, 512, 249)","(512, 512, 253)","(512, 512, 253)","(512, 512, 261)","(512, 512, 261)","(512, 512, 253)","(512, 512, 225)","(512, 512, 225)","(512, 512, 189)","(512, 512, 193)","(512, 512, 213)","(512, 512, 249)","(512, 512, 245)","(512, 512, 225)","(512, 512, 281)","(512, 512, 249)","(512, 512, 253)","(512, 512, 217)","(512, 512, 221)","(512, 512, 221)","(512, 512, 213)"
diagnostics_Mask-original_BoundingBox,"(314, 107, 146, 96, 99, 42)","(193, 153, 93, 20, 18, 8)","(308, 309, 154, 84, 45, 19)","(127, 137, 55, 55, 67, 27)","(268, 174, 120, 66, 63, 34)","(196, 68, 102, 103, 109, 47)","(302, 110, 205, 43, 42, 23)","(274, 80, 91, 81, 98, 34)","(333, 334, 158, 44, 41, 18)","(196, 146, 105, 19, 21, 8)","(302, 275, 150, 59, 61, 31)","(330, 332, 95, 30, 32, 10)","(171, 157, 119, 66, 34, 22)","(254, 154, 99, 106, 103, 47)","(264, 103, 152, 68, 58, 26)","(317, 114, 136, 58, 59, 21)","(316, 395, 36, 34, 35, 11)","(272, 156, 122, 111, 83, 50)","(330, 336, 117, 56, 44, 31)","(247, 148, 199, 19, 17, 12)","(160, 417, 91, 75, 35, 19)","(152, 65, 125, 148, 120, 52)","(152, 65, 125, 148, 120, 52)","(266, 169, 141, 39, 43, 33)"
diagnostics_Mask-original_VoxelNum,130641,924,14248,40711,36572,209312,15272,87246,11207,865,33337,4433,18670,157862,24878,18727,4345,118827,22759,1479,19642,331077,331077,16573
diagnostics_Mask-original_VolumeNum,1,1,1,1,1,1,1,1,1,1,1,1,1,1,1,1,1,1,1,1,1,1,1,1
diagnostics_Mask-original_CenterOfMassIndex,"(360.88074953498517, 155.94423649543404, 165.73041388231871)","(202.1818181818182, 161.88203463203465, 96.8030303030303)","(344.5092644581696, 333.9294637843908, 162.59846996069624)","(154.0821645255582, 167.9698361622166, 68.29827319397705)","(304.64571256699116, 205.58714316963798, 137.22115279448758)","(244.46929941904907, 124.21893154716405, 127.33607724354074)","(320.50209533787324, 131.99364850707175, 216.35365374541644)","(315.96721912752446, 124.93379639181165, 104.9286614859134)","(354.0370304274114, 354.25573302400284, 165.29535111983583)","(204.58959537572255, 154.121387283237, 108.40462427745665)","(332.026697063323, 309.4544800071992, 164.45522992470828)","(344.32393413038574, 346.4762012181367, 99.67335889916535)","(203.37150508837706, 172.33535083020888, 128.60707016604178)","(311.3706718526308, 207.36695974965477, 120.65637708884975)","(296.5955060696197, 129.97720877884075, 166.74226223972988)","(346.6831313077375, 144.8343568110215, 146.1708762748972)","(331.74798619102415, 412.7014959723821, 40.31254315304948)","(336.95023016654466, 195.27513107290432, 148.4496789450209)","(357.6612329188453, 354.8034184278747, 133.29961773364383)","(256.14266396213657, 155.81473968897905, 204.4448951994591)","(195.404083087262, 434.0935749923633, 100.00570206699929)","(230.86987921238867, 124.15426924854339, 148.48202381923238)","(230.86987921238867, 124.15426924854339, 148.48202381923238)","(285.7465154166415, 190.58474627406022, 158.16333795933144)"
diagnostics_Mask-original_CenterOfMass,"(360.88074953498517, 155.94423649543404, 165.73041388231871)","(202.1818181818182, 161.88203463203465, 96.8030303030303)","(344.5092644581696, 333.9294637843908, 162.59846996069624)","(154.0821645255582, 167.9698361622166, 68.29827319397705)","(304.64571256699116, 205.58714316963798, 137.22115279448758)","(244.46929941904907, 124.21893154716405, 127.33607724354074)","(320.50209533787324, 131.99364850707175, 216.35365374541644)","(315.96721912752446, 124.93379639181165, 104.9286614859134)","(354.0370304274114, 354.25573302400284, 165.29535111983583)","(204.58959537572255, 154.121387283237, 108.40462427745665)","(332.026697063323, 309.4544800071992, 164.45522992470828)","(344.32393413038574, 346.4762012181367, 99.67335889916535)","(203.37150508837706, 172.33535083020888, 128.60707016604178)","(311.3706718526308, 207.36695974965477, 120.65637708884975)","(296.5955060696197, 129.97720877884075, 166.74226223972988)","(346.6831313077375, 144.8343568110215, 146.1708762748972)","(331.74798619102415, 412.7014959723821, 40.31254315304948)","(336.95023016654466, 195.27513107290432, 148.4496789450209)","(357.6612329188453, 354.8034184278747, 133.29961773364383)","(256.14266396213657, 155.81473968897905, 204.4448951994591)","(195.404083087262, 434.0935749923633, 100.00570206699929)","(230.86987921238867, 124.15426924854339, 148.48202381923238)","(230.86987921238867, 124.15426924854339, 148.48202381923238)","(285.7465154166415, 190.58474627406022, 158.16333795933144)"
original_shape_Elongation,0.8162877575271922,0.9057905948747361,0.29197681076980314,0.7385928306915724,0.9273298648369341,0.9421187218931332,0.7637152774557915,0.7039756717442202,0.9123209256595518,0.8166993716669327,0.9557734487529721,0.8910439648746004,0.5169213448593458,0.9092076193242697,0.7214643296519592,0.7588797976487145,0.8904992202666626,0.7702673647739303,0.706931616274139,0.8327284431193792,0.3894852957850955,0.7727962758837554,0.7727962758837554,0.8779105419794587
original_shape_Flatness,0.3892652995708204,0.3040537004211559,0.14200980543618327,0.40629599024999713,0.5474884927705282,0.3956558337485517,0.5601026893265226,0.409401291206953,0.4429100958224052,0.2613849206368071,0.6403510456434849,0.3769331339742099,0.3493514711664233,0.4033451703101119,0.34549289149701967,0.3498313876355274,0.31184708505367076,0.40874040145635626,0.5217261451169891,0.5954038314111545,0.27300734729627596,0.34525031082009666,0.34525031082009666,0.6033766548712763
original_shape_LeastAxisLength,33.57480721204847,5.28291771325615,12.315873044318945,23.597341057288464,27.529556534967547,36.959584134140094,21.240750667628372,32.286594291128736,15.875874092692916,5.022485943365449,27.688437248379138,10.077513661667396,18.9818272574689,36.16271659370866,20.056839889927957,16.920605522102658,9.025891986580943,34.98872717744934,26.56087226989019,9.788132812235556,18.0246888544955,41.9785465441071,41.9785465441071,21.999975984069483
original_shape_MajorAxisLength,86.25173435460584,17.374949576139304,86.72551171020005,58.07918764536375,50.2833518849978,93.4134694387667,37.922957829694816,78.86295178978274,35.844461985483186,19.214903182361333,43.23946597222339,26.735547377898886,54.33447065241177,89.65699667583712,58.05282940271717,48.367888417523666,28.943326454462554,85.60134269277832,50.909605582320054,16.43948576722609,66.02272441750279,121.58872918721663,121.58872918721663,36.46143052843655
original_shape_Maximum2DDiameterColumn,91.0823802938856,20.223748416156685,71.02112361825881,56.293871780150276,61.07372593840988,103.94229168149026,40.19950248448356,79.40403012442127,42.190046219457976,18.110770276274835,54.230987451824994,30.066592756745816,66.007575322837,100.0,67.1863081289633,58.42088667591412,34.058772731852805,109.45775440780794,54.56189146281496,18.439088914585774,72.3394774656273,146.4923206178399,146.4923206178399,41.036569057366385
original_shape_Maximum2DDiameterRow,93.34345183246653,17.029386365926403,37.48332962798263,61.5223536610881,66.48308055437865,110.0272693471941,42.579337712087536,96.0260381354974,39.11521443121589,21.587033144922902,60.01666435249463,30.59411708155671,33.734255586866,100.16985574512923,56.04462507680822,49.03060268852505,35.12833614050059,82.49242389456137,44.04543109109048,17.26267650163207,36.76955262170047,120.0,120.0,43.41658669218482
original_shape_Maximum2DDiameterSlice,103.58571330062848,20.12461179749811,82.97590011563598,70.3846574190711,68.0294054067798,109.288608738514,45.5411901469428,91.39474820797966,44.721359549995796,20.248456731316587,55.31726674375732,31.78049716414141,66.12110101926616,110.90987332063814,67.06713054842886,59.20304046246274,34.52535300326414,108.55873986004075,54.3415126767741,19.313207915827967,71.7007670809734,146.50938536489735,146.50938536489735,41.10960958218893
original_shape_Maximum3DDiameter,103.98557592281729,20.223748416156685,87.64131445842195,71.34423592694787,69.13031173081747,114.59057552870567,46.05431575867782,99.14131328563285,47.43416490252569,21.93171219946131,61.814237842102365,33.075670817082454,66.12110101926616,113.21660655575224,68.54195795277518,61.163714733492114,35.14256678161116,111.43608033307704,59.15234568468101,19.6468827043885,75.49172140042907,148.61359291801003,148.61359291801003,46.32493928760188
original_shape_MeshVolume,129943.79166666667,906.875,14147.875,40492.5,36280.916666666664,208547.08333333334,15148.375,86652.125,11092.083333333334,843.7083333333334,33109.416666666664,4409.833333333333,18569.791666666668,156983.66666666666,24675.791666666668,18592.958333333332,4297.791666666667,118082.33333333333,22644.0,1458.875,19564.958333333332,329781.7916666667,329781.7916666667,16441.166666666668
original_shape_MinorAxisLength,70.40623481915229,15.738065912489763,25.32183832152343,42.896871607256216,46.62925390706301,88.00657843525413,28.962342260849656,55.51759946194435,32.701652738364636,15.692799355675447,41.32713351450874,23.822548138695748,28.08664764186535,81.51682450340184,41.8830456494309,36.70541337498596,25.77400963962237,65.9359206570765,35.98960975818845,13.689627388625375,25.714880348288922,93.96331710531949,93.96331710531949,32.00987423656612
original_shape_Sphericity,0.5285813494434932,0.6144578545621532,0.46370753866766407,0.6423677200990716,0.4897520032977074,0.6426521939119082,0.6467856295976603,0.5570874124385816,0.5447485468810548,0.5545132436327999,0.6703070000200365,0.6725495611727276,0.5097940489708852,0.42897138090301057,0.45498429739697116,0.5790936144544022,0.5813381545103896,0.46716937388729857,0.45348721875998527,0.7117952622062337,0.5641171987737449,0.5869048849143219,0.5869048849143219,0.6209969469555054
original_shape_SurfaceArea,23471.597322009595,737.3782288195579,6100.528271247806,8877.352726297584,10821.648022187688,26463.312798116927,4577.564377232906,16998.617071081626,4415.332965989472,778.6944761124898,7438.945710611548,1933.635517807843,6652.129838158203,32806.4157767843,9008.831127765645,5860.945447837009,2198.967799619786,24915.314752500086,8535.346781408824,873.9255158865202,6224.446455627379,39330.92698429813,39330.92698429813,5035.196388085305
original_shape_SurfaceVolumeRatio,0.18062884744982052,0.8130979780229446,0.4311974958251897,0.21923449345675333,0.2982738314362975,0.12689370848605455,0.3021818760911917,0.19617080447919338,0.398061647510414,0.9229427342930394,0.22467764338780402,0.43848267534098256,0.3582231808286237,0.20897980327115326,0.36508782573064263,0.31522393277940847,0.5116506266869115,0.21099951236707795,0.3769363531800399,0.5990407100584493,0.31814258684224367,0.11926348870119738,0.11926348870119738,0.3062554191056173
original_shape_VoxelVolume,130641.0,924.0,14248.0,40711.0,36572.0,209312.0,15272.0,87246.0,11207.0,865.0,33337.0,4433.0,18670.0,157862.0,24878.0,18727.0,4345.0,118827.0,22759.0,1479.0,19642.0,331077.0,331077.0,16573.0
original_firstorder_10Percentile,-280.0,-615.0,-458.0,-297.0,-526.8999999999996,-192.0,-377.0,-203.0,-646.3999999999999,-726.5999999999999,-436.39999999999964,-601.8,-96.0,-202.0,-592.0,-584.3999999999999,-825.0,-252.0,-595.0,-611.2,-203.0,-150.0,-150.0,-726.0
original_firstorder_90Percentile,156.0,168.0,175.0,141.0,127.0,124.0,160.0,141.0,148.0,209.60000000000002,183.40000000000146,146.0,160.0,168.0,144.0,124.0,-164.0,140.0,113.0,146.20000000000005,185.0,186.0,186.0,187.0
original_firstorder_Energy,5966426503.0,116677742.0,936112418.0,1906005187.0,2972103426.0,8667161427.0,790351568.0,4105134637.0,1532739419.0,132997836.0,2297303945.0,424209886.0,611322523.0,6439012067.0,2471822934.0,1659806712.0,1419032676.0,4935177034.0,2662603647.0,159773843.0,658525527.0,8937016569.0,8937016569.0,2390467062.0
original_firstorder_Entropy,4.665916148771882,5.52367554283913,4.9374121154012,4.546493276333665,4.927184812717969,4.209575689614992,4.928583170145082,4.637791041148846,5.539756687029113,5.5032908433742405,5.034642422809593,5.133784355555278,4.250403850207349,4.63069329776029,4.939297771519026,4.979677038026401,5.348018549836974,4.57894313077353,5.367447677611064,5.312191712759036,4.679366782224441,4.556638261915847,4.556638261915847,5.409886050717738
original_firstorder_InterquartileRange,161.0,409.5,224.0,144.0,262.0,105.0,223.0,160.0,468.0,509.0,220.0,336.0,108.0,159.0,207.0,299.0,349.0,151.0,402.0,434.0,175.0,167.0,167.0,458.0
original_firstorder_Kurtosis,7.893719870686823,2.8135867018717935,4.499107245897391,8.030538648770278,4.561162378657777,10.513035728287425,4.92898395561675,21.732701191051195,2.5438756475713062,2.658109381894605,5.387380858771818,3.3898631016312737,13.19210655845913,9.377509069150765,5.09457777149593,3.7081802580118897,3.2222596387483473,9.04866359282368,3.0121315999462293,2.4574121873317702,6.842374494333468,9.596355319685793,9.596355319685793,2.951482425373196
original_firstorder_Maximum,633.0,622.0,504.0,434.0,518.0,499.0,557.0,2310.0,505.0,488.0,553.0,406.0,607.0,966.0,472.0,426.0,423.0,519.0,551.0,361.0,588.0,1187.0,1187.0,590.0
original_firstorder_MeanAbsoluteDeviation,141.70414360711294,243.17841682127394,189.07271294476823,141.28214041517504,204.77530728744918,121.02716831757567,165.2483187184248,127.29206236045414,256.33604258654606,298.56558922783915,183.66340737704982,229.60068349019252,104.09510978173898,131.47269733300956,216.29970370529983,217.093916610545,206.52412960944753,131.7681310783578,228.72974694170827,242.50020366263593,128.6611527277064,113.872645305677,113.872645305677,287.49468774301596
original_firstorder_Mean,-27.00359764545587,-190.88095238095238,-49.2798989331836,-31.55999606985827,-99.45964125560538,-19.236914271518117,-51.60123101100052,-14.147456616922266,-205.23449629695725,-158.3514450867052,-54.54267030626631,-116.28739002932551,17.80862346009641,-10.149503997162078,-99.31819278077016,-114.5312116195867,-509.1166858457998,-33.486665488483254,-195.96603541456128,-159.79918864097363,2.090265757051217,15.348076127305733,15.348076127305733,-147.18156036927533
original_firstorder_Median,22.0,-162.5,32.0,24.0,1.0,29.0,7.0,6.0,-156.0,-32.0,10.0,-6.0,44.0,27.0,0.0,-5.0,-537.0,10.0,-146.0,-81.0,32.0,31.0,31.0,-8.0
original_firstorder_Minimum,-1024.0,-1024.0,-1024.0,-1024.0,-1024.0,-1024.0,-1024.0,-1024.0,-1024.0,-1024.0,-1024.0,-1024.0,-1024.0,-1024.0,-1024.0,-1024.0,-1024.0,-1024.0,-1024.0,-1007.0,-1024.0,-1024.0,-1024.0,-1024.0
original_firstorder_Range,1657.0,1646.0,1528.0,1458.0,1542.0,1523.0,1581.0,3334.0,1529.0,1512.0,1577.0,1430.0,1631.0,1990.0,1496.0,1450.0,1447.0,1543.0,1575.0,1368.0,1612.0,2211.0,2211.0,1614.0
original_firstorder_RobustMeanAbsoluteDeviation,72.8792234777795,174.4055576499642,112.07109558307083,67.83631828620773,125.22220266900483,47.362162327136055,101.24821276038197,68.45397559160452,190.8122866833089,217.24422542467664,103.5168358686722,153.95928286330428,46.658764752274436,68.8178826974936,115.07834740536141,139.77942501764937,144.4999463166939,67.26694033861867,165.6257041747087,182.92484756936284,75.30904803745092,70.1984190530549,70.1984190530549,202.03435956261342
original_firstorder_RootMeanSquared,213.7063365695323,355.3513930662332,256.32268870853295,216.3745381917124,285.073996104431,203.48920683700032,227.4899430193799,216.915676818853,369.81921925442776,392.1157019291908,262.51007234163626,309.34387897825434,180.95185494558635,201.9625377374526,315.21069674538717,297.71084335094645,571.4803573608212,203.79513004795757,342.03982326037476,328.67657569884256,183.10215424765866,164.29781051427253,164.29781051427253,379.7876313209298
original_firstorder_Skewness,-2.0048672439608652,-0.3986206072463366,-1.4087639988306346,-2.151250279258467,-1.4662124818044255,-2.637568121959079,-1.3275135598630265,1.2113693692541077,-0.5169720584437303,-0.806856780981738,-1.5380393781098842,-1.143150993575233,-2.6768446344535834,-2.1189774100352685,-1.6615512661853464,-1.2821211179451333,0.5850957869234008,-2.157622149558434,-0.7453006724770139,-0.6680350728729464,-1.5492859738943034,-1.646062887485624,-1.646062887485624,-0.9831446746683036
original_firstorder_TotalEnergy,5966426503.0,116677742.0,936112418.0,1906005187.0,2972103426.0,8667161427.0,790351568.0,4105134637.0,1532739419.0,132997836.0,2297303945.0,424209886.0,611322523.0,6439012067.0,2471822934.0,1659806712.0,1419032676.0,4935177034.0,2662603647.0,159773843.0,658525527.0,8937016569.0,8937016569.0,2390467062.0
original_firstorder_Uniformity,0.05522273397535554,0.02471139971139971,0.04713397327394631,0.062178218461702135,0.04822451039781361,0.08212548404226154,0.0440475947107262,0.056495998200712064,0.02421090197891828,0.027402185171572724,0.04154784687095944,0.03935655969886048,0.07847801109049028,0.05586145940940122,0.047083808700260625,0.045780355808930084,0.028292297933818086,0.05864227476283055,0.028244041593430975,0.030358304521127658,0.05139540281993618,0.054592103936778075,0.054592103936778075,0.03077679956030985
original_firstorder_Variance,44941.20400417256,89839.07457225313,63272.81230790668,45821.90742574732,71374.96301625541,41037.79842846176,49088.987133110066,46852.26032105338,94645.05645968871,128679.54353837417,65936.63519667303,82170.87838148039,32426.426738705035,40685.85421796355,89493.67992547424,75514.34781368122,67389.99904264124,40411.09826572637,78588.5536598873,82492.5107228035,33522.029679198284,26758.207098974217,26758.207098974217,122576.23319162788
original_glcm_Autocorrelation,1720.5532927410363,1293.570945616072,1705.541048926718,1717.298606350309,1517.5683845218946,1745.0354265809603,1654.4190648634137,1738.731123979915,1232.9767632432045,1426.3873760348702,1669.9956763473263,1553.5191637764744,1846.5911628943518,1759.3152026788853,1532.6566414775957,1514.9758017125096,548.3937400829032,1682.4224452199924,1261.5435419381974,1412.8275760749975,1790.9516688586891,1808.9512076875294,1808.9512076875294,1460.3072126332413
original_glcm_ClusterProminence,287594.82552733354,331059.02124767366,292225.14887478214,284230.7077766502,500242.0192243913,281617.5147215669,195741.2173701582,1154981.8011094336,492155.20646920806,662656.1815130727,378709.4290286983,447317.53030439984,183722.6998153644,257785.3887097171,764136.8597289436,631974.2461352928,355828.38772833993,296603.56840445,330443.18948139704,288402.05278138304,109124.82262245644,104640.17568563699,104640.17568563699,1000460.9320564576
original_glcm_ClusterShade,-5033.803106637895,-2212.601275753165,-5494.772624583189,-5248.655963610711,-8629.07470378394,-5080.0032340981215,-3780.08449492182,5824.236867483667,-4977.948125841047,-8674.67804151562,-6545.608107229693,-7940.855409016817,-3043.119516046515,-4191.602363726817,-12027.807647275566,-11018.177838833133,3498.5816936352485,-5006.695111287974,-4124.543834141118,-4532.2521406070355,-2156.4639282262724,-1654.080113917784,-1654.080113917784,-13919.302786741338
original_glcm_ClusterTendency,168.59951175007015,337.2973179614,226.63588283972743,164.5637983765507,305.58378265410516,140.9613546066568,182.49213969758253,199.28164409668457,427.24509633588525,443.82770849941187,230.65093396428875,313.66316215279784,105.44403244156518,145.88207154952462,345.5281311024039,360.56695143311396,319.9664833830853,154.54442206817984,326.87242330013527,312.8512331545131,115.73440597107879,90.26353117524067,90.26353117524067,530.0358515474843
original_glcm_Contrast,61.01886668556912,191.32327971489894,88.29107172393945,60.17211406448697,105.18070866565222,48.9179605212527,78.97615244573451,64.10864524602924,155.1473712089933,267.00095057590966,100.38911860028335,100.7063980583516,49.653028757030626,60.669596943962,148.93511437240826,71.60787874666885,96.83606156053975,61.59952176732534,116.7971340976559,145.87948527516812,62.6729165682556,55.92335839303493,55.92335839303493,164.89931460681595
original_glcm_Correlation,0.4646339094358976,0.27643801822178565,0.4359422029409717,0.4612170365205866,0.48687655687016806,0.47623898715954,0.3941069761457502,0.5102067611833185,0.4678007543806215,0.2505051139850273,0.39180812068357496,0.5115927186513787,0.3518991485662928,0.4084105817855479,0.39672165748754584,0.667491240334334,0.5356877219029458,0.42879745483826165,0.4729642422679484,0.36451026386653,0.2963785925513313,0.23312205506710496,0.23312205506710496,0.5236959227374247
original_glcm_DifferenceAverage,5.373578439010095,10.603065349533283,6.299494285504886,5.1102132818877,6.84045751424263,4.21924241110286,6.408179242025786,5.139109452546885,9.444499031495774,11.930443937887635,7.173895212513742,6.982835348116411,4.21058882533559,5.333052315894769,7.944919470091012,5.776380689081372,7.5723113637334665,5.41704737747592,7.776938239066014,8.990225988319267,5.846758869342299,5.592949649903949,5.592949649903949,8.888702419424627
original_glcm_DifferenceEntropy,3.906620528604334,4.776692668500851,4.128918051927571,3.8367161465890143,4.252551700986548,3.532361150705152,4.162615318415569,3.833427686599443,4.680817980758038,4.9459686670679215,4.317417703251999,4.270069039521519,3.5245668418960756,3.897781701763757,4.429484699883734,4.023167734328977,4.338198778794673,3.928777977753064,4.436365074307111,4.596944659774662,4.024037607479402,3.9529351174762857,3.9529351174762857,4.608524726056093
original_glcm_DifferenceVariance,31.581287557783,77.01773953358287,47.844012684005335,33.88932042270727,57.81589030411931,30.813661169655646,37.336245397268165,37.537757593491435,64.31258163204515,122.23745545890925,48.416307943039605,50.977411503107334,31.687411367224207,31.90143184928168,85.07092643778013,37.693145936754306,38.092241463851316,32.014935535155196,55.2484585246294,64.00678316058907,28.278776688487884,24.332565930860763,24.332565930860763,83.2771992815129
original_glcm_Id,0.29077814113316197,0.17665251968952456,0.2840280249266446,0.30604985805555873,0.27557037451528577,0.3537692754889527,0.258237813707145,0.29885796917015206,0.1973740646848581,0.19176915535345482,0.24005571431591594,0.26244858966328444,0.35329632056479243,0.2880798032767489,0.2591462492925349,0.2918089753403834,0.21814654695158353,0.28647135828549486,0.23411941517740126,0.21452646876642237,0.2610973282312547,0.2653646516668715,0.2653646516668715,0.23624668536369903
original_glcm_Idm,0.20118010488082236,0.09665142740595245,0.19886365984418003,0.2170196395538776,0.1914489509988743,0.26940210584775015,0.16974179748100315,0.20810356838119334,0.11555346190646934,0.11704627008536139,0.15191345921016922,0.17744306569066423,0.2683729733413229,0.19710333272031408,0.17528086406898236,0.2056397512338532,0.13024340683903493,0.19608479496987077,0.14879138231541483,0.13295178382125045,0.16934280910528468,0.17309045517003557,0.17309045517003557,0.15514930293437804
original_glcm_Idmn,0.9875411627888601,0.9616727589169519,0.9796438635077069,0.984688161759416,0.9762234440459915,0.9884747644727626,0.9823572094716125,0.9966059835632792,0.9646084311233415,0.9419732260562144,0.9781908337658961,0.9737335841703967,0.9899273787095255,0.9911629680254269,0.9662854517480158,0.9815124229225198,0.9738284285727166,0.9855677263362298,0.9747347095166273,0.9598101583726423,0.9861786489553774,0.9931862003486744,0.9931862003486744,0.9668042059994478
original_glcm_Idn,0.9306353221400934,0.8719945986106381,0.9158351958955977,0.9266176973844135,0.9100118305292866,0.9408042415692736,0.9151154472488112,0.9646885102252332,0.877853739352951,0.8538273096340986,0.9066892579314842,0.9020376173713763,0.9449280998147906,0.9410895211071075,0.896490787536772,0.9179807932220709,0.8918992323758995,0.9251731351644179,0.900148056893157,0.8735864531317853,0.9221080431029556,0.9432518429533686,0.9432518429533686,0.8915671062436298
original_glcm_Imc1,-0.04489380649330355,-0.2373641798349337,-0.0637879490533112,-0.04507176690745717,-0.054129304627218405,-0.05030265364782572,-0.050170392300629585,-0.05413132558888668,-0.06158497294322696,-0.2627344688013321,-0.04139307769688294,-0.10337798410651639,-0.06605270505225933,-0.03436117472384999,-0.043550807784737536,-0.09001749045937202,-0.10224273474102225,-0.036251430699590644,-0.05984736546832438,-0.15556925495143792,-0.03254440135512276,-0.016703657184701143,-0.016703657184701143,-0.07256594613298141
original_glcm_Imc2,0.5374684825450062,0.9613081595090165,0.6531686043324935,0.5607174251968132,0.6232588704648414,0.5501781203603473,0.5988017875836249,0.6162210286977723,0.6874693503486495,0.9695544592445959,0.5610210766269608,0.7909508603397614,0.6357006278682424,0.4894725438077356,0.5714412074812667,0.7506708151248016,0.8065086096190656,0.5075341654483728,0.6656662432974012,0.8934368512566194,0.4997515417286649,0.33708436163728095,0.33708436163728095,0.7117639870299143
original_glcm_InverseVariance,0.20704615271832594,0.10278632945223684,0.2053847258084059,0.2240716153270498,0.1957889128745453,0.27487945363208094,0.17690891937642034,0.2156180951778819,0.11858202971608457,0.12489703613840866,0.1574016399184338,0.1823793841910935,0.27399700293553697,0.20346622646570756,0.17647163430638305,0.2110223110119824,0.13556566257432384,0.20197397580660922,0.15380203388854125,0.13846610900418993,0.1757857538147139,0.1796328857931814,0.1796328857931814,0.1538473202276404
original_glcm_JointAverage,41.15386274300165,35.454868588799144,40.876927155657754,41.123980895763985,38.30739970112503,41.49703690852804,40.35502715186644,41.29086750012413,34.13133219987192,37.1770492976336,40.46492220198361,38.73238482889131,42.809304993245114,41.68938314567734,38.51621911021323,37.982861266394806,22.19420048247686,40.73305144884308,34.77089802398392,37.0279019112617,42.162549990217094,42.43068679912887,42.43068679912887,36.99988590619327
original_glcm_JointEnergy,0.004263670887376684,0.0015205887528232168,0.004021529846851584,0.005620562480596828,0.0039729466832296905,0.009346071338056306,0.002989523270062712,0.004182891071297679,0.0008786141004024622,0.002106001964107336,0.0025474391815927372,0.003143559761421659,0.00872152893315879,0.004062055784191788,0.0033954265463934626,0.004110246034530375,0.0011836087549313007,0.004525828584202745,0.001352227611497992,0.002101010276140606,0.00327886907776549,0.003386714455674529,0.003386714455674529,0.001885061124020205
original_glcm_JointEntropy,8.874689238620002,9.602067707725995,9.180933051734549,8.576044754118422,9.371365587515877,7.909888621861768,9.347858009155688,8.852671750035713,10.661117261913786,9.309958747078346,9.570430890309465,9.357765137375456,7.944480877815533,8.87758850181543,9.419165279577006,9.23430932289234,10.130313641374062,8.781351253572916,10.241044223296198,9.517158835663567,9.011019326715275,8.90008883177968,8.90008883177968,10.232192409409521
original_glcm_MCC,0.5407815747688601,0.4735078735788496,0.5006210267961796,0.538790587977044,0.5405199392866127,0.5797928099114574,0.4616711338453285,0.7085085621990255,0.4863511783487727,0.5058403739749335,0.49386264929135126,0.562207264870564,0.5436551183080592,0.5243504862678755,0.4611067784516425,0.7211371233976052,0.5920706806661732,0.5419247503367519,0.5243287853574162,0.4557714799381023,0.41601344548158087,0.4608936335275346,0.4608936335275346,0.5727737885126118
original_glcm_MaximumProbability,0.010522678692028367,0.0055245860899013535,0.012465256257979748,0.013987402806684389,0.012539166054057863,0.02280143166648613,0.008950814169526249,0.010500346871936907,0.0035319923596478864,0.009464244523622035,0.006656256880257523,0.010638422403567058,0.022094720173655234,0.0097983587354843,0.010612135474508446,0.013389216095256968,0.0038191037261260546,0.011155627511480649,0.0055789070628853065,0.009241430803203153,0.007910429886005108,0.007451410004657357,0.007451410004657357,0.007722180466047652
original_glcm_SumAverage,82.30772548600329,70.90973717759825,81.75385431131551,82.24796179152801,76.61479940225004,82.99407381705609,80.71005430373287,82.58173500024826,68.26266439974384,74.35409859526723,80.92984440396728,77.46476965778263,85.61860998649027,83.3787662913547,77.03243822042644,75.9657225327896,44.38840096495368,81.46610289768617,69.54179604796788,74.05580382252339,84.32509998043423,84.86137359825774,84.86137359825774,73.99977181238661
original_glcm_SumEntropy,5.238312428754701,6.091034281825069,5.516041439052062,5.0794977912617965,5.599417443882765,4.7479819945400425,5.475921860818631,5.2793383097410205,6.2972298143079275,6.088478134941637,5.5241779901363985,5.714300957787755,4.801883487775668,5.212484507719013,5.620055464984091,5.622447537909389,6.1328599169109275,5.112049079594552,6.085144923520375,5.903326093141587,5.203333597034757,5.072606371458974,5.072606371458974,6.1582621043572345
original_glcm_SumSquares,57.404594608909754,132.1551494190748,78.73173864091673,56.18397811025943,102.69112282993933,47.46982878197735,65.36707303582928,65.8475723356786,145.59811688621966,177.70716476883032,82.76001314114302,103.59239005278741,38.774265299649,51.637917123371686,123.615811368703,108.04370754494565,104.20063623590637,54.03598595887633,110.9173893494477,114.68267960742023,44.60183063483358,36.546722392068915,36.546722392068915,173.73379153857502
original_gldm_DependenceEntropy,6.970961202388137,6.741132581431515,7.110798016784594,6.847697845185909,7.0958252718886765,6.765655569848722,6.996637276555792,6.995783736600753,7.308842269787275,6.729443117780102,7.0081633663478105,7.118735849631968,6.771016992195148,6.917372341946912,7.0077947477633336,7.250496114359917,7.1564104616801005,6.811386929228964,7.375710260239499,6.8853142073811995,6.752712615170064,6.714822433478196,6.714822433478196,7.453632342926754
original_gldm_DependenceNonUniformity,25229.428579083135,394.3073593073593,2972.354295339697,7389.321141706173,7578.558022530898,29820.828724583396,3598.6770560502882,16590.845608967746,3609.640849469082,349.9248554913295,8357.806131325555,1041.6433566433566,2852.351044456347,31545.873522443653,5631.409357665407,3644.6413734180596,1345.5937859608746,23796.329781951914,6058.144690012742,474.894523326572,4639.151104775481,73542.40168601261,73542.40168601261,4149.281059554697
original_gldm_DependenceNonUniformityNormalized,0.19312029591845697,0.42673956634995597,0.20861554571446497,0.1815067461301902,0.2072229580698594,0.14247070748253038,0.23563888528354426,0.1901616762827837,0.3220880565244117,0.4045374051922884,0.25070660621308316,0.23497481539439583,0.15277723858898484,0.19983196413604068,0.22636101606501355,0.19461960663309977,0.3096878678851265,0.2002602925425359,0.26618676963015697,0.32109163172858146,0.2361852716004216,0.22213080850077963,0.22213080850077963,0.25036390874040293
original_gldm_DependenceVariance,2.830383188469516,0.8094207379921665,3.0328841330331615,3.125739074198175,3.3255928093981457,4.575570630989249,2.2985828857599073,2.6760637304017934,1.324495616924275,1.3023702763206255,1.8988985783360934,2.779205992991167,4.156712649923731,2.579346749397863,2.9676462781593083,3.399945113855246,1.157867315711484,2.8076625282399506,1.948359583496548,1.6977134468998252,1.9295050583740372,2.0149965837772914,2.0149965837772914,3.1982921087652416
original_gldm_GrayLevelNonUniformity,7214.353189274424,22.833333333333332,671.564851207187,2531.3374517943553,1763.6667942688396,17189.849315853844,672.6948664222106,4929.049859019325,271.33157847773714,23.702890173410406,1385.080571137175,174.4676291450485,1465.1844670594537,8818.401705286897,1171.350992845084,857.3287232338336,122.93003452243958,6968.285583242866,642.8061426248956,44.8999323867478,1009.5085021891864,18074.189995076675,18074.189995076675,510.06389911301517
original_gldm_GrayLevelVariance,71.87981520271978,143.63352448417382,101.2569294672917,73.3208730125017,114.00073849625471,65.68896903192993,78.56986355813396,74.99633692639414,151.29396739881585,204.99075010859033,105.47321915655962,131.41206287218236,51.93764062140942,65.04006779820914,142.49974176578377,120.82701252497968,107.73999080990677,64.62669562809248,125.61546167581956,132.3959375361438,53.71663165738504,42.86298261983107,42.86298261983107,195.5383098108819
original_gldm_HighGrayLevelEmphasis,1707.3829731860594,1291.6991341991343,1665.6570746771476,1694.1689715310358,1523.6262441211857,1726.3791851398869,1635.3766369827135,1752.319693739541,1260.8550013384493,1444.1121387283238,1653.1522932477428,1490.5310173697271,1835.7444027852168,1755.5691743421469,1553.2875231127905,1485.0695786831848,555.0941311852704,1679.300630328124,1260.1054967265698,1366.4050033806627,1784.568068424804,1818.1307490402535,1818.1307490402535,1465.8093284257527
original_gldm_LargeDependenceEmphasis,10.990018447501168,3.430735930735931,10.303340819764177,12.007049691729508,10.772886361150608,18.07797928451307,8.295180722891565,11.01432730440364,5.115642009458374,4.378034682080925,7.283408825029246,9.016241822693436,16.07048741296197,10.300832372578581,9.512259827960447,11.496609173920008,5.142232451093211,10.50763715317226,6.97794279186256,5.727518593644354,7.799307606150086,8.585214315702993,8.585214315702993,9.136849091896458
original_gldm_LargeDependenceHighGrayLevelEmphasis,19803.264021249073,4979.218614718615,19505.445536215608,22059.157303922773,18274.816225527728,33187.68194847883,14920.129125196438,19338.47293858744,7160.338895333274,7654.482080924856,13147.234184239735,16195.475750056396,30393.44027852169,18615.7272871242,15056.776388777233,19609.2415229348,2769.875258918297,17929.99841786799,10550.870293070873,9939.891142663962,14558.739334080032,15822.099886129208,15822.099886129208,14225.7272672419
original_gldm_LargeDependenceLowGrayLevelEmphasis,0.19727824507470995,0.05607688237855922,0.009577296504649026,0.03645725993252235,0.5565836521283059,0.08374273580535105,0.012313998594142572,0.05525138990647502,0.28723167072506045,0.21534537901729964,0.03486823210515382,0.013265371190938643,0.022785637322747687,0.20368568767352194,1.0714141658505918,0.030892377807776483,0.10617346310902467,0.45187412608151817,0.10570553030718563,0.0063988602937091,0.005228992996682568,0.045619702348480215,0.045619702348480215,1.3827209903098925
original_gldm_LowGrayLevelEmphasis,0.004868742287847682,0.0127625976594426,0.0023018554629346006,0.0038423747159141005,0.010440456332474516,0.004252744893840439,0.00214543841560522,0.0029273805453124196,0.013143374525694569,0.030575162786215093,0.006515766198020597,0.004499562902913761,0.0032914393672167437,0.005220676197157775,0.02975453230503207,0.0034560339513131913,0.01528395323267492,0.005910914175714964,0.010912351989004648,0.00313797270128359,0.0011429534727042555,0.001847382887216663,0.001847382887216663,0.03083915214766147
original_gldm_SmallDependenceEmphasis,0.3424277826067994,0.6664338231685171,0.4078165106314299,0.335915840541281,0.4032285983970948,0.25835121100240843,0.42961501140218755,0.3321740516799981,0.5460514867239937,0.6554686406354449,0.45022397298201966,0.450465287837314,0.2794344153615931,0.3497137604377834,0.4377666540461877,0.3807513931045665,0.5027529414890024,0.35862500526391633,0.47591252346635576,0.5646568543339004,0.41666680374691983,0.3736925448347894,0.3736925448347894,0.47358171205635713
original_gldm_SmallDependenceHighGrayLevelEmphasis,523.3766558953668,816.8780564206202,570.9876755911336,494.81682884986543,518.7432727853417,375.7197153643346,634.6691057996861,582.3964204613385,636.2558476639402,821.1696698583095,674.7008633167604,540.2734933732439,466.9443357725334,569.9885718581407,595.782970666665,480.8069447656565,288.2933582140544,556.6476347290151,519.5273345944274,655.0580233712259,703.6712462394063,662.2680136394367,662.2680136394367,585.0375019604633
original_gldm_SmallDependenceLowGrayLevelEmphasis,0.0014873780363781096,0.0069462128176771085,0.0016483603340957758,0.0018276789215516532,0.002585181107827617,0.0017774224813750595,0.0011955259457340516,0.0009761803631111284,0.0031996980212930827,0.014426407242423604,0.0037462976806495168,0.003179088980125922,0.0015222075996442113,0.0015034172025540158,0.007312566954583196,0.00160055389119957,0.007385423641964773,0.001326777320130122,0.004562376117812715,0.002748097167285099,0.0007253361329106826,0.0006643696128326293,0.0006643696128326293,0.006924505948329166
original_glrlm_GrayLevelNonUniformity,6454.835025840084,22.104479827170753,595.0464142940021,2229.00320568103,1557.36389474226,14485.972496282058,612.512921586147,4433.218355981357,259.03599901430636,22.368513632561946,1273.650773868169,156.01482271331673,1255.2564826402156,7962.252816102622,1055.4635660716901,751.8132322801854,117.60060758406165,6264.753483146172,600.6239676721233,41.811144213908214,930.0345566214029,16589.04684973166,16589.04684973166,462.1259851116868
original_glrlm_GrayLevelNonUniformityNormalized,0.053206982257451955,0.02450583702285415,0.04467753908950296,0.059265898663962875,0.04561600451234461,0.07714295157677763,0.042472459777841524,0.0547908284428242,0.02398751444748505,0.026630716707088678,0.04024952598200328,0.03734324256969304,0.074231056995807,0.054142770185130154,0.04513040684200796,0.04321168285648001,0.02814379171117148,0.05658493106233953,0.027715320547518747,0.029407850032255604,0.05009010477045595,0.053312390850515506,0.053312390850515506,0.029514909173227046
original_glrlm_GrayLevelVariance,74.36190261759882,144.4242380883142,105.24740409534648,77.13216036475376,115.69911371125816,70.85374845870926,81.02315706176243,78.80593652071433,151.07838510917134,206.0550951047001,108.5969587327665,135.0674760922186,55.990133088436636,67.00155020094068,142.6510827235837,122.82367553717906,108.40001397334596,65.64360552761954,126.71644090787046,133.82784253571347,55.64881172040301,44.27899021171545,44.27899021171545,194.48890332006852
original_glrlm_HighGrayLevelRunEmphasis,1698.9416230402287,1287.4194911189468,1649.451684939442,1682.388986182858,1509.022828137789,1713.4527669727815,1625.8075383152016,1752.1112279695985,1254.8021466903856,1432.6207084488035,1644.6040081293363,1471.4551205325877,1829.2616465815192,1750.3897877825673,1546.176624175553,1469.3797205828598,555.98964374688,1674.2187420495916,1248.3158364191515,1350.968360645824,1779.644618706488,1816.1984447206157,1816.1984447206157,1454.2587138760528
original_glrlm_LongRunEmphasis,1.2484223628346365,1.0747900406023412,1.2247899567161054,1.2657831284464178,1.2300596148099234,1.3811716848252829,1.1884908843472044,1.2502394486984751,1.117525110532118,1.0930204474213316,1.1686512884801261,1.1957445388859242,1.343153500872775,1.2352997468684774,1.2039256729477132,1.2482467628217035,1.1233043665886036,1.2351321958017445,1.1585124464687504,1.1261683220466554,1.1826012464996845,1.2021806218379205,1.2021806218379205,1.1900315780188073
original_glrlm_LongRunHighGrayLevelEmphasis,2149.867598650424,1397.5864903816366,2076.5491960663935,2171.134011338262,1905.963145394647,2414.4090252822457,1965.2056888718193,2191.2992116222986,1421.7492047520177,1603.5093215784389,1950.6888496094753,1824.8865473857522,2480.0627711091865,2178.7037810794873,1883.8144556650986,1890.410636860259,621.5473235698299,2083.8188961834426,1485.953199930039,1572.6633190095101,2121.2282289594946,2189.8541112685916,2189.8541112685916,1766.1691840197245
original_glrlm_LongRunLowGrayLevelEmphasis,0.0073460120104068,0.014158823713364636,0.002597716421269685,0.004685225184497316,0.016814412182493636,0.005782717280557687,0.002472778630441657,0.003885903427103732,0.01723843101811998,0.03465437542880067,0.0074030371871863085,0.004965618320986931,0.004107735217171815,0.008210959189170076,0.04311707772891866,0.004173325674811445,0.01750292578196587,0.010541293642356984,0.0133338661285932,0.0033289572521108374,0.0012878315269190198,0.002456011249152858,0.002456011249152858,0.04782734461139498
original_glrlm_LowGrayLevelRunEmphasis,0.004461215956905272,0.012620464534006238,0.002399519253433991,0.003919957626067339,0.009111070440424009,0.004328038486319375,0.0021809223809815008,0.0028462910209149117,0.0120726168193158,0.02990778433184073,0.006612553157982638,0.004683572383361271,0.0034591498604556927,0.004778284263022474,0.026923211463019868,0.003503798601365119,0.015133756252448938,0.004904901578697446,0.010731554339702009,0.0032338761872482027,0.0011722122933611392,0.0017575541138034072,0.0017575541138034072,0.027055872056537176
original_glrlm_RunEntropy,5.092909245086564,5.655660783221884,5.335684422950251,5.003763724937012,5.331071284581153,4.800367368654497,5.273553946092852,5.07289077429513,5.768139532509532,5.669717380780032,5.3576877719368,5.48155505467256,4.795071844988491,5.042907163705059,5.308560907231476,5.401517271000786,5.579526719804353,4.988180295655699,5.661275078038091,5.540989656234826,5.020646689117668,4.924294959051124,4.924294959051124,5.742115016543522
original_glrlm_RunLengthNonUniformity,105529.48459942242,860.338075869296,11734.090185492938,32404.23153799404,30011.82486415199,153791.1711306127,12938.624473493595,70120.96956066845,10049.674003032373,793.857884957617,28639.52665110621,3736.6086158477274,14080.808324283125,128579.41020620987,20814.01444712384,15174.097100224146,3872.038240355347,96880.01388467064,19737.065379867945,1317.843464510287,16668.307034731675,276299.09694329835,276299.09694329835,14090.643937502946
original_glrlm_RunLengthNonUniformityNormalized,0.8693764517919583,0.9536690015485635,0.8807765123984816,0.8615074952628464,0.8789395358141276,0.8185653339869184,0.896955202649393,0.8665487514514982,0.9305438293994365,0.9450821699760634,0.9049409261718241,0.8941908288337186,0.832299341165321,0.8741551859973864,0.889879464515145,0.8719153236182559,0.9264833865382897,0.874883801090886,0.9106456684628532,0.9268344308015286,0.8976402864925629,0.8878012745883249,0.8878012745883249,0.8997547729803552
original_glrlm_RunPercentage,0.9285958642975201,0.9761904761904763,0.9347546754200321,0.9238402775284699,0.933501039046265,0.8971322163160185,0.9442771084337349,0.9273998014456031,0.963573590681648,0.971009337483326,0.9492132788470192,0.942407468462059,0.9057063985826707,0.9315863027395885,0.9400675295441757,0.9290206242734678,0.9616889439674249,0.931735276429664,0.9522048758394821,0.9612524054714725,0.9452781715789557,0.9398752463115134,0.9398752463115134,0.9447340205802767
original_glrlm_RunVariance,0.08744468932856195,0.02516508943370776,0.07972661916314525,0.09396318817028768,0.08218705236379474,0.13749838998332636,0.06641778874971647,0.08735549410662066,0.040325987556918026,0.03227283618683606,0.05854718469947438,0.0692972776443456,0.12304703638852311,0.08265964014837873,0.07212763174656303,0.08897394400772497,0.041723736294336705,0.08288591272125614,0.05539555008812195,0.043681354719567765,0.06328990567710971,0.06986854013589855,0.06986854013589855,0.06916865793481743
original_glrlm_ShortRunEmphasis,0.9465488224672772,0.9820671059305321,0.9515967011007725,0.9432161957836868,0.9508361591093002,0.9233157635743807,0.9586030110434532,0.9455085501421949,0.9727495195213886,0.978585158265765,0.9620789203061416,0.9573916853248817,0.9297413367422357,0.9488136111277848,0.9556062194436499,0.9476532808876245,0.971091449188668,0.9491065304501384,0.964466643793291,0.9711825315878524,0.9590151365097681,0.9547980260740014,0.9547980260740014,0.9597092439619573
original_glrlm_ShortRunHighGrayLevelEmphasis,1601.7911972277714,1261.2664170828955,1557.7935143608074,1578.209830636036,1423.9801810834854,1572.4773663966034,1551.5852998516248,1656.4848562704724,1216.110096754595,1393.712981042361,1575.9682872439744,1394.8744625444667,1695.8266837354206,1656.7517810793445,1471.8553826570246,1381.321683193689,540.5588937775708,1584.9395429806568,1195.4352094685246,1300.8901408059505,1703.0759364720714,1732.6432930394715,1732.6432930394715,1386.5867785229932
original_glrlm_ShortRunLowGrayLevelEmphasis,0.003990197542479512,0.01233310245207848,0.002354131557787045,0.0037545933994498617,0.007891313280572913,0.004068140427277593,0.0021174169381881322,0.002642862538131406,0.011002791008911402,0.02872203667805895,0.0064334869634643885,0.00461682940772755,0.0033532776504385316,0.004313669405409212,0.023883640335905836,0.0033462840704905138,0.01458987494518099,0.004112844537429531,0.010266313698639713,0.003211516286706025,0.0011458149426281797,0.0016212903848351118,0.0016212903848351118,0.02370541658073602
original_glszm_GrayLevelNonUniformity,1551.677157610032,15.712408759124088,159.4691671964399,466.97308851356087,413.27641562676365,1894.7135067969807,210.35137362637363,1053.4798928489759,153.59440057430007,13.01628664495114,453.14853091389773,50.68758589097572,202.7115917914587,2056.4694570700763,308.67332650273227,202.1836205779448,67.41279750292625,1606.1637414102509,290.352422907489,21.742424242424242,325.4139366714145,5299.599769820416,5299.599769820416,176.71916071016832
original_glszm_GrayLevelNonUniformityNormalized,0.03179405699553381,0.022937823006020566,0.025344750031220584,0.03272640609107582,0.025915621472801385,0.03513869377046013,0.0288944194541722,0.034415076046159086,0.022052318818994984,0.021199163916858534,0.02722757501134998,0.02321923311542635,0.037476722460983304,0.034238540483660096,0.02635530451696826,0.02619976941530968,0.02630230101557794,0.03515042984659366,0.02368676969387249,0.023530762167125803,0.035653986706630274,0.0383603669107469,0.0383603669107469,0.020373433330662705
original_glszm_GrayLevelVariance,123.59258715587752,154.04879109169377,148.42586121328245,137.2625614733272,147.12064699769797,157.38782222215397,114.06869413038885,160.1961208847983,155.63782629690346,213.77087290050827,153.43020849866377,164.2591545169866,127.82335350984941,113.50115164375067,181.03108727603419,138.02912707226778,120.59748036564032,106.46948137443052,140.47202022375242,144.9965553025618,87.15810348616661,73.42677013754303,73.42677013754303,207.59281762383813
original_glszm_HighGrayLevelZoneEmphasis,1528.4690599131218,1237.6598540145985,1401.5543547361729,1456.3281939869648,1272.5470621433499,1422.3937612433003,1481.1482142857142,1750.0746463689522,1172.1168700646087,1289.055374592834,1507.3279456828698,1205.8364635822263,1675.676280273618,1634.015500391256,1369.7321550546449,1249.1891926914604,571.6667967225907,1547.615113581652,1100.5062000326318,1175.7261904761904,1695.3728497863483,1775.8342127930628,1775.8342127930628,1244.263546230113
original_glszm_LargeAreaEmphasis,1433.3894967625604,2.5956204379562045,211.92530197075652,2333.33345013666,887.552768545808,39990.51523525157,111.84010989010989,1407.1250857534874,5.848528356066044,3.6205211726384365,35.24082196719341,61.824553366926246,2416.505823627288,843.1169272264123,145.7385587431694,596.483996371647,5.131876706984003,1753.7098306123341,41.25673029858052,6.615800865800866,26.55396077572039,67.145635635853,67.145635635853,72.39393590039198
original_glszm_LargeAreaHighGrayLevelEmphasis,2647070.8281903123,3684.7941605839414,414891.9542275906,4382771.1327353,1665163.044898727,73968463.18803434,205303.59752747254,2560712.020776845,8780.38535534817,6151.135179153094,64267.79619059064,114421.10856619332,4549905.7319282675,1561825.5058688377,258825.7137124317,1109806.426849812,2698.4791260241905,3165457.818707051,75598.82631750693,11583.724025974027,50748.710200504,124826.49317785354,124826.49317785354,131816.9587272308
original_glszm_LargeAreaLowGrayLevelEmphasis,1.133154228596371,0.0357950799471767,0.11391850670023364,1.2795061790011961,1.5156002636206005,21.802567987578303,0.06785787893491145,0.8237619388817784,0.20400005673206953,0.14536254076509256,0.04712925905734956,0.04430106439365986,1.3103741210757651,1.4091306800619436,1.1342134469910938,0.3524801112604088,0.07624702225405423,2.004439258105352,0.13226228916842864,0.008072611763581816,0.015552749870460479,0.0694807890887111,0.0694807890887111,2.7248969566745327
original_glszm_LowGrayLevelZoneEmphasis,0.004622843582938272,0.011029266847869548,0.003986996680951059,0.005982051920204021,0.006573771287806794,0.008047542263583252,0.0028166773466570512,0.003256626957817562,0.0067185440644502315,0.023222396621386584,0.008584808899498617,0.0071674343573809845,0.006190518073320329,0.004635990826636666,0.01896198433819799,0.004514531835998058,0.015089318067328793,0.0038513872348192022,0.009852400621014822,0.004523307070409032,0.0016884897140273531,0.001849864124870506,0.001849864124870506,0.015580450308873008
original_glszm_SizeZoneNonUniformity,22349.66625686419,441.3007299270073,3414.606484424666,7241.38068540192,8560.740139211137,27095.79534875095,3702.4453296703296,14495.90379275424,3814.0480976310123,422.1400651465798,8640.323559454426,1218.2194228126432,2575.5694213348124,27677.89183024491,6634.161543715847,4021.3625761306207,1237.2590714007024,22159.82711078041,6338.000978952521,560.7077922077922,4430.472334830722,61166.68746245105,61166.68746245105,4840.230574129582
original_glszm_SizeZoneNonUniformityNormalized,0.45794742760561,0.6442346422292078,0.5426901596351981,0.5074904117598935,0.5368244898232355,0.5025091402004961,0.5085776551744958,0.47355211501598243,0.5476020240676256,0.6875245360693483,0.5191566159619314,0.5580482926306198,0.4761636940903702,0.4608143421115314,0.5664413886369405,0.5211043898057044,0.4827386154509178,0.4849614196783037,0.5170501695996509,0.6068266149434981,0.48542482029480905,0.4427459951101391,0.4427459951101391,0.5580159758046556
original_glszm_SmallAreaEmphasis,0.7038174880561663,0.8298657046489859,0.7647724368299417,0.7403460690245073,0.7609529528792465,0.7368020303041872,0.7412422352997082,0.7155280561510737,0.768500216850103,0.8521242094678383,0.748586445621974,0.7751529431879122,0.717551525611143,0.7060321076961322,0.779987071868445,0.7499807548293892,0.7218112035335777,0.7240763486755667,0.7472664321014532,0.8062252979346819,0.7244165006884142,0.6920564408425615,0.6920564408425615,0.7751474045622689
original_glszm_SmallAreaHighGrayLevelEmphasis,1021.6138599836235,1003.003383310069,1005.9911432859611,1024.3672104817203,922.5642757822777,980.908217769345,1055.4396943039917,1256.0599181457992,875.2844326466244,1028.1579029308368,1081.6938427437242,864.0267783405958,1141.9906431469988,1111.1368789180185,1008.1261208342642,896.08538108733,418.42287433876936,1084.5052216300232,779.0043429612681,896.8955829431502,1196.8982559117485,1212.095235883442,1212.095235883442,903.2989994301278
original_glszm_SmallAreaLowGrayLevelEmphasis,0.00332732132391661,0.008243551489924894,0.0035561778014802188,0.0045407934102171445,0.004993725669263477,0.005895233599698821,0.0022297334673793733,0.0022925645379747463,0.0037968576321465,0.0172806914802985,0.006757262149951109,0.006036873599739541,0.004388030296613995,0.003230435406618379,0.012242292834285283,0.0033931685739451525,0.010852293886355682,0.0028252520570354097,0.0071472389725508595,0.00430389676625687,0.0014308316567808402,0.0013290987013592195,0.0013290987013592195,0.0102772585579997
original_glszm_ZoneEntropy,7.053262493388772,6.43674252855712,6.879442326456623,6.827174174084585,6.890674401112502,6.847229406735161,6.8398425002418,7.080953157200207,6.955805110975072,6.388089714048656,6.955114055063619,6.7928487796999235,6.808678233737138,7.00245683637851,6.852860169553896,6.917824068821071,6.886614168787135,6.836937323266775,7.023734033656856,6.535613436374581,6.734590995833971,6.828934811043823,6.828934811043823,7.059212155399311
original_glszm_ZonePercentage,0.3735733804854525,0.7413419913419913,0.4416058394160584,0.35049495222421456,0.436043968062999,0.25761064821892676,0.47668936616029334,0.35085849207986614,0.6214865708931917,0.7098265895953757,0.4992350841407445,0.4924430408301376,0.2897161221210498,0.3804778857483118,0.47077739368116406,0.41207881668179636,0.589873417721519,0.3845422336674325,0.5386001142405202,0.6247464503042597,0.46466754912941655,0.4172835926385705,0.4172835926385705,0.5233814034876003
original_glszm_ZoneVariance,1426.2239694578661,0.7760754435505355,206.7975101532577,2325.1932240979845,882.2933294090446,39975.446653481806,107.43933582900615,1399.0017198652001,3.259501816332199,1.6358184171715353,31.22855517142821,57.700844551314674,2404.5919038067823,836.2091048681277,141.22656177098264,590.595025306333,2.2579059210052597,1746.947258476434,37.80952524609513,4.0537225220666775,21.92252855866385,61.40265459782092,61.40265459782092,68.74334282991812
original_ngtdm_Busyness,4.383578865245697,0.07010763092555553,0.5590193759940314,1.64468783784536,1.6379864358873428,7.599609174311667,0.5922455591636836,1.3221773479706853,0.6394303494563512,0.0666598693264489,1.3931150853963405,0.2033407173698625,0.5336651644550849,4.6148810522588555,1.3668129672096705,0.798618912284691,0.4381116270054016,4.753891692344678,1.1178387882382488,0.10521616537080944,0.7427823554129529,9.437421620225408,9.437421620225408,0.7941422120285748
original_ngtdm_Coarseness,5.634781883250678e-05,0.0076143651188617986,0.0005323499890555342,0.00016935192585806422,0.00018310473003310435,3.2804379038496776e-05,0.0004770594817713793,8.368577593251961e-05,0.0007242629448640617,0.006153182289765162,0.00020673499739656538,0.0017705392144507631,0.00041606856926654803,4.6241049165966904e-05,0.0002299798301464948,0.0004263174241271647,0.0021467034318928906,5.587817994943711e-05,0.00037407386728388603,0.004449574487594237,0.00035250320457108267,2.0405231494699527e-05,2.0405231494699527e-05,0.00044098664908636043
original_ngtdm_Complexity,7394.691051933568,9463.59853624039,7039.284591842501,5887.753139007363,7815.703772875425,5357.970800046273,8099.736348873981,33667.07291830372,8940.232833743765,12911.82240956137,9066.772452754043,6469.445221729691,5997.168091644785,9219.88624055167,9209.586898914702,5721.951055181919,6581.06795233887,6974.721677389186,7903.459583223566,7459.087508621175,7739.617910081233,11613.618596753193,11613.618596753193,10179.116897145044
original_ngtdm_Contrast,0.1266190250941246,0.6162969642795355,0.2524071164416501,0.15951876766487247,0.28822285307324896,0.1123429933338043,0.17846294182948555,0.033542614784227036,0.4855863249567878,0.9855139076644838,0.2751270011280237,0.38235905108829776,0.0743658323751788,0.09433323416009512,0.46980132343067493,0.2970186458393524,0.2980967825438418,0.13574575419683668,0.3664330451163543,0.5670499479898162,0.11511948943640413,0.05730596925867558,0.05730596925867558,0.5783853485915843
original_ngtdm_Strength,0.129761806680074,7.84340161930587,0.910602295416195,0.364857320091509,0.333879881056474,0.08767604362506896,0.8569851757732435,1.6402832853217681,0.8656159671770227,8.538828589343844,0.3603325406446877,2.5349289938316666,1.1306582507032747,0.12927191051959241,0.40690458261027274,0.6968151107100953,2.6717505833589783,0.12092458268404774,0.4483821130606571,4.948497216737897,0.7326558015605619,0.06914177067445242,0.06914177067445242,0.712448346215797
